time,predictions
2016-10-07 02:30:00,456.64545
2016-10-07 03:00:00,133.98288
2016-10-07 03:30:00,91.93925
2016-10-07 04:00:00,69.50447
2016-10-07 04:30:00,69.50447
2016-10-07 05:00:00,40.40446
2016-10-07 05:30:00,71.069305
2016-10-07 06:00:00,92.80169
2016-10-07 06:30:00,92.80169
2016-10-07 07:00:00,23.198719
2016-10-07 07:30:00,23.198719
2016-10-07 08:00:00,179.83096
2016-10-07 08:30:00,179.83096
2016-10-07 09:00:00,129.63524
2016-10-07 09:30:00,113.70055
2016-10-07 10:00:00,82.72526
2016-10-07 10:30:00,213.24869
2016-10-07 11:00:00,113.029755
2016-10-07 11:30:00,133.30852
2016-10-07 12:00:00,243.04065
2016-10-07 12:30:00,319.8992
2016-10-07 13:00:00,287.86276
2016-10-07 13:30:00,408.04636
2016-10-07 14:00:00,573.6179
2016-10-07 14:30:00,626.93933
2016-10-07 15:00:00,693.0576
2016-10-07 15:30:00,702.1475
2016-10-07 16:00:00,707.0466
2016-10-07 16:30:00,741.5341
2016-10-07 17:00:00,682.72046
2016-10-07 17:30:00,682.02954
2016-10-07 18:00:00,578.0441
2016-10-07 18:30:00,473.5581
2016-10-07 19:00:00,298.6511
2016-10-07 19:30:00,179.48851
2016-10-07 20:00:00,108.63331
2016-10-07 20:30:00,134.23212
2016-10-07 21:00:00,181.77533
2016-10-07 21:30:00,181.77533
2016-10-07 22:00:00,278.19022
2016-10-07 22:30:00,287.62854
2016-10-07 23:00:00,252.17957
2016-10-07 23:30:00,211.80794
2016-10-08 00:00:00,173.79768
2016-10-08 00:30:00,170.47787
2016-10-08 01:00:00,132.11874
2016-10-08 01:30:00,137.44801
2016-10-08 02:00:00,216.50948
2016-10-08 02:30:00,532.30084
2016-10-08 03:00:00,442.16953
2016-10-08 03:30:00,428.62213
2016-10-08 04:00:00,193.65483
2016-10-08 04:30:00,48.179173
2016-10-08 05:00:00,45.741535
2016-10-08 05:30:00,51.085217
2016-10-08 06:00:00,24.270977
2016-10-08 06:30:00,24.270977
2016-10-08 07:00:00,33.553005
2016-10-08 07:30:00,33.553005
2016-10-08 08:00:00,40.71092
2016-10-08 08:30:00,40.71092
2016-10-08 09:00:00,58.328255
2016-10-08 09:30:00,181.93147
2016-10-08 10:00:00,184.39555
2016-10-08 10:30:00,124.491394
2016-10-08 11:00:00,117.20294
2016-10-08 11:30:00,155.38184
2016-10-08 12:00:00,166.34038
2016-10-08 12:30:00,275.75638
2016-10-08 13:00:00,303.8119
2016-10-08 13:30:00,264.10638
2016-10-08 14:00:00,291.49814
2016-10-08 14:30:00,308.66525
2016-10-08 15:00:00,459.10013
2016-10-08 15:30:00,457.98456
2016-10-08 16:00:00,486.70544
2016-10-08 16:30:00,462.36572
2016-10-08 17:00:00,315.438
2016-10-08 17:30:00,304.12097
2016-10-08 18:00:00,254.1885
2016-10-08 18:30:00,241.29482
2016-10-08 19:00:00,518.4949
2016-10-08 19:30:00,242.96098
2016-10-08 20:00:00,231.34947
2016-10-08 20:30:00,186.34395
2016-10-08 21:00:00,187.18732
2016-10-08 21:30:00,187.18732
2016-10-08 22:00:00,404.098
2016-10-08 22:30:00,402.00015
2016-10-08 23:00:00,465.8809
2016-10-08 23:30:00,372.02612
2016-10-09 00:00:00,178.21632
2016-10-09 00:30:00,175.81844
2016-10-09 01:00:00,151.51393
2016-10-09 01:30:00,155.09163
2016-10-09 02:00:00,215.08601
2016-10-09 02:30:00,450.0799
2016-10-09 03:00:00,403.92422
2016-10-09 03:30:00,434.5054
2016-10-09 04:00:00,485.0667
2016-10-09 04:30:00,425.08826
2016-10-09 05:00:00,410.3072
2016-10-09 05:30:00,431.26758
2016-10-09 06:00:00,91.54304
2016-10-09 06:30:00,93.954834
2016-10-09 07:00:00,43.856655
2016-10-09 07:30:00,35.708035
2016-10-09 08:00:00,161.08142
2016-10-09 08:30:00,140.90506
2016-10-09 09:00:00,74.02942
2016-10-09 09:30:00,52.162888
2016-10-09 10:00:00,95.39129
2016-10-09 10:30:00,95.39129
2016-10-09 11:00:00,95.740555
2016-10-09 11:30:00,185.90562
2016-10-09 12:00:00,238.274
2016-10-09 12:30:00,117.884285
2016-10-09 13:00:00,245.5304
2016-10-09 13:30:00,204.92097
2016-10-09 14:00:00,95.48188
2016-10-09 14:30:00,127.418144
2016-10-09 15:00:00,230.37053
2016-10-09 15:30:00,318.16586
2016-10-09 16:00:00,129.41592
2016-10-09 16:30:00,101.264336
2016-10-09 17:00:00,144.42621
2016-10-09 17:30:00,144.42621
2016-10-09 18:00:00,242.20285
2016-10-09 18:30:00,152.36534
2016-10-09 19:00:00,113.81028
2016-10-09 19:30:00,113.81028
2016-10-09 20:00:00,141.3781
2016-10-09 20:30:00,216.52449
2016-10-09 21:00:00,218.07689
2016-10-09 21:30:00,173.18668
2016-10-09 22:00:00,143.40578
2016-10-09 22:30:00,135.678
2016-10-09 23:00:00,447.1443
2016-10-09 23:30:00,505.14606
2016-10-10 00:00:00,490.08783
2016-10-10 00:30:00,490.08783
2016-10-10 01:00:00,390.20456
2016-10-10 01:30:00,394.3218
2016-10-10 02:00:00,392.65973
2016-10-10 02:30:00,392.65973
2016-10-10 03:00:00,81.46398
2016-10-10 03:30:00,5.058277
2016-10-10 04:00:00,10.694136
2016-10-10 04:30:00,10.694136
2016-10-10 05:00:00,19.760836
2016-10-10 05:30:00,3.8262558
2016-10-10 06:00:00,72.478294
2016-10-10 06:30:00,62.4402
2016-10-10 07:00:00,-38.96968
2016-10-10 07:30:00,-38.96968
2016-10-10 08:00:00,161.15877
2016-10-10 08:30:00,144.72038
2016-10-10 09:00:00,58.231415
2016-10-10 09:30:00,95.19144
2016-10-10 10:00:00,135.20802
2016-10-10 10:30:00,218.592
2016-10-10 11:00:00,274.52457
2016-10-10 11:30:00,235.22368
2016-10-10 12:00:00,424.10486
2016-10-10 12:30:00,383.72922
2016-10-10 13:00:00,465.36087
2016-10-10 13:30:00,493.58963
2016-10-10 14:00:00,572.422
2016-10-10 14:30:00,635.8065
2016-10-10 15:00:00,703.7043
2016-10-10 15:30:00,748.2647
2016-10-10 16:00:00,775.7803
2016-10-10 16:30:00,775.7803
2016-10-10 17:00:00,701.667
2016-10-10 17:30:00,701.667
2016-10-10 18:00:00,610.4908
2016-10-10 18:30:00,511.04056
2016-10-10 19:00:00,445.36838
2016-10-10 19:30:00,185.86188
2016-10-10 20:00:00,67.438
2016-10-10 20:30:00,67.90994
2016-10-10 21:00:00,190.56126
2016-10-10 21:30:00,341.86682
2016-10-10 22:00:00,486.83734
2016-10-10 22:30:00,608.2348
2016-10-10 23:00:00,663.49316
2016-10-10 23:30:00,614.11176
2016-10-11 00:00:00,438.07156
2016-10-11 00:30:00,485.3586
2016-10-11 01:00:00,431.8333
2016-10-11 01:30:00,230.72217
2016-10-11 02:00:00,86.07953
2016-10-11 02:30:00,80.090416
2016-10-11 03:00:00,117.39154
2016-10-11 03:30:00,117.39154
2016-10-11 04:00:00,82.04976
2016-10-11 04:30:00,82.04976
2016-10-11 05:00:00,72.9433
2016-10-11 05:30:00,54.23825
2016-10-11 06:00:00,72.77016
2016-10-11 06:30:00,61.9265
2016-10-11 07:00:00,107.47965
2016-10-11 07:30:00,109.710014
2016-10-11 08:00:00,255.30421
2016-10-11 08:30:00,259.06296
2016-10-11 09:00:00,151.44753
2016-10-11 09:30:00,122.5652
2016-10-11 10:00:00,139.74051
2016-10-11 10:30:00,318.15735
2016-10-11 11:00:00,147.74866
2016-10-11 11:30:00,340.3857
2016-10-11 12:00:00,539.1603
2016-10-11 12:30:00,380.72433
2016-10-11 13:00:00,685.1845
2016-10-11 13:30:00,710.87823
2016-10-11 14:00:00,595.43054
2016-10-11 14:30:00,646.2815
2016-10-11 15:00:00,725.23486
2016-10-11 15:30:00,750.03357
2016-10-11 16:00:00,692.2032
2016-10-11 16:30:00,762.4491
2016-10-11 17:00:00,674.75336
2016-10-11 17:30:00,694.1981
2016-10-11 18:00:00,633.69336
2016-10-11 18:30:00,531.2687
2016-10-11 19:00:00,282.38193
2016-10-11 19:30:00,228.94865
2016-10-11 20:00:00,134.26228
2016-10-11 20:30:00,148.64977
2016-10-11 21:00:00,124.49807
2016-10-11 21:30:00,124.49807
2016-10-11 22:00:00,205.35904
2016-10-11 22:30:00,276.74307
2016-10-11 23:00:00,175.29799
2016-10-11 23:30:00,184.00279
2016-10-12 00:00:00,144.57869
2016-10-12 00:30:00,258.3707
2016-10-12 01:00:00,429.36197
2016-10-12 01:30:00,429.36197
2016-10-12 02:00:00,434.98413
2016-10-12 02:30:00,452.89642
2016-10-12 03:00:00,448.97995
2016-10-12 03:30:00,448.97995
2016-10-12 04:00:00,442.15277
2016-10-12 04:30:00,87.92875
2016-10-12 05:00:00,101.62391
2016-10-12 05:30:00,101.62391
2016-10-12 06:00:00,82.41145
2016-10-12 06:30:00,84.04334
2016-10-12 07:00:00,71.20288
2016-10-12 07:30:00,56.472645
2016-10-12 08:00:00,190.24397
2016-10-12 08:30:00,190.24397
2016-10-12 09:00:00,159.4247
2016-10-12 09:30:00,218.91162
2016-10-12 10:00:00,189.86766
2016-10-12 10:30:00,189.86766
2016-10-12 11:00:00,127.639084
2016-10-12 11:30:00,200.65373
2016-10-12 12:00:00,284.67377
2016-10-12 12:30:00,340.52478
2016-10-12 13:00:00,445.69925
2016-10-12 13:30:00,465.17682
2016-10-12 14:00:00,523.9543
2016-10-12 14:30:00,666.81464
2016-10-12 15:00:00,705.4221
2016-10-12 15:30:00,705.4221
2016-10-12 16:00:00,732.2106
2016-10-12 16:30:00,723.1597
2016-10-12 17:00:00,698.26373
2016-10-12 17:30:00,703.7897
2016-10-12 18:00:00,647.2194
2016-10-12 18:30:00,557.329
2016-10-12 19:00:00,331.80286
2016-10-12 19:30:00,218.47044
2016-10-12 20:00:00,183.71599
2016-10-12 20:30:00,137.59291
2016-10-12 21:00:00,280.82654
2016-10-12 21:30:00,538.58105
2016-10-12 22:00:00,612.63666
2016-10-12 22:30:00,667.35284
2016-10-12 23:00:00,495.54407
2016-10-12 23:30:00,489.2035
2016-10-13 00:00:00,532.8387
2016-10-13 00:30:00,541.6922
2016-10-13 01:00:00,517.7637
2016-10-13 01:30:00,137.14944
2016-10-13 02:00:00,45.49368
2016-10-13 02:30:00,45.49368
2016-10-13 03:00:00,48.915363
2016-10-13 03:30:00,48.915363
2016-10-13 04:00:00,46.976795
2016-10-13 04:30:00,46.976795
2016-10-13 05:00:00,50.228817
2016-10-13 05:30:00,50.228817
2016-10-13 06:00:00,54.487774
2016-10-13 06:30:00,54.487774
2016-10-13 07:00:00,46.983936
2016-10-13 07:30:00,46.983936
2016-10-13 08:00:00,179.6379
2016-10-13 08:30:00,183.20149
2016-10-13 09:00:00,113.68917
2016-10-13 09:30:00,97.75457
2016-10-13 10:00:00,309.8145
2016-10-13 10:30:00,223.09036
2016-10-13 11:00:00,193.99898
2016-10-13 11:30:00,175.41698
2016-10-13 12:00:00,115.65195
2016-10-13 12:30:00,177.03917
2016-10-13 13:00:00,431.80966
2016-10-13 13:30:00,429.76532
2016-10-13 14:00:00,596.5663
2016-10-13 14:30:00,596.5663
2016-10-13 15:00:00,613.05457
2016-10-13 15:30:00,611.6362
2016-10-13 16:00:00,704.5088
2016-10-13 16:30:00,505.3284
2016-10-13 17:00:00,296.70636
2016-10-13 17:30:00,202.84315
2016-10-13 18:00:00,222.4426
2016-10-13 18:30:00,326.16245
2016-10-13 19:00:00,179.82352
2016-10-13 19:30:00,163.38693
2016-10-13 20:00:00,178.351
2016-10-13 20:30:00,159.74287
2016-10-13 21:00:00,210.02768
2016-10-13 21:30:00,222.57404
2016-10-13 22:00:00,230.47748
2016-10-13 22:30:00,230.47748
2016-10-13 23:00:00,199.7433
2016-10-13 23:30:00,239.15657
2016-10-14 00:00:00,171.92297
2016-10-14 00:30:00,166.27455
2016-10-14 01:00:00,88.6927
2016-10-14 01:30:00,56.76435
2016-10-14 02:00:00,108.74976
2016-10-14 02:30:00,108.74976
2016-10-14 03:00:00,63.74872
2016-10-14 03:30:00,63.74872
2016-10-14 04:00:00,63.74872
2016-10-14 04:30:00,64.33296
2016-10-14 05:00:00,37.208755
2016-10-14 05:30:00,37.208755
2016-10-14 06:00:00,33.472248
2016-10-14 06:30:00,33.472248
2016-10-14 07:00:00,32.975956
2016-10-14 07:30:00,32.975956
2016-10-14 08:00:00,161.40001
2016-10-14 08:30:00,168.61165
2016-10-14 09:00:00,104.64572
2016-10-14 09:30:00,111.14186
2016-10-14 10:00:00,196.25449
2016-10-14 10:30:00,297.702
2016-10-14 11:00:00,287.78482
2016-10-14 11:30:00,295.5438
2016-10-14 12:00:00,477.8525
2016-10-14 12:30:00,414.8852
2016-10-14 13:00:00,507.6194
2016-10-14 13:30:00,588.52673
2016-10-14 14:00:00,634.49304
2016-10-14 14:30:00,738.29205
2016-10-14 15:00:00,805.4772
2016-10-14 15:30:00,805.4772
2016-10-14 16:00:00,786.7911
2016-10-14 16:30:00,780.74634
2016-10-14 17:00:00,761.74866
2016-10-14 17:30:00,725.0077
2016-10-14 18:00:00,649.61115
2016-10-14 18:30:00,492.83362
2016-10-14 19:00:00,254.1854
2016-10-14 19:30:00,125.4884
2016-10-14 20:00:00,149.56796
2016-10-14 20:30:00,228.98383
2016-10-14 21:00:00,193.57527
2016-10-14 21:30:00,224.59941
2016-10-14 22:00:00,190.96782
2016-10-14 22:30:00,309.77
2016-10-14 23:00:00,264.55325
2016-10-14 23:30:00,165.23964
2016-10-15 00:00:00,190.73334
2016-10-15 00:30:00,223.05167
2016-10-15 01:00:00,108.31728
2016-10-15 01:30:00,108.31728
2016-10-15 02:00:00,498.4165
2016-10-15 02:30:00,442.01755
2016-10-15 03:00:00,327.6372
2016-10-15 03:30:00,307.31244
2016-10-15 04:00:00,428.93365
2016-10-15 04:30:00,428.93365
2016-10-15 05:00:00,430.19058
2016-10-15 05:30:00,430.19058
2016-10-15 06:00:00,163.04102
2016-10-15 06:30:00,113.53619
2016-10-15 07:00:00,116.14705
2016-10-15 07:30:00,126.985596
2016-10-15 08:00:00,164.17366
2016-10-15 08:30:00,173.94987
2016-10-15 09:00:00,154.98065
2016-10-15 09:30:00,155.11623
2016-10-15 10:00:00,301.02362
2016-10-15 10:30:00,238.4852
2016-10-15 11:00:00,258.69965
2016-10-15 11:30:00,296.39984
2016-10-15 12:00:00,451.7078
2016-10-15 12:30:00,559.9634
2016-10-15 13:00:00,598.3695
2016-10-15 13:30:00,644.22845
2016-10-15 14:00:00,632.6242
2016-10-15 14:30:00,717.9852
2016-10-15 15:00:00,724.0311
2016-10-15 15:30:00,752.16516
2016-10-15 16:00:00,749.85895
2016-10-15 16:30:00,748.30084
2016-10-15 17:00:00,733.2044
2016-10-15 17:30:00,684.9077
2016-10-15 18:00:00,627.16046
2016-10-15 18:30:00,510.37814
2016-10-15 19:00:00,343.61078
2016-10-15 19:30:00,301.24075
2016-10-15 20:00:00,136.71399
2016-10-15 20:30:00,98.8699
2016-10-15 21:00:00,112.88227
2016-10-15 21:30:00,98.05535
2016-10-15 22:00:00,123.372246
2016-10-15 22:30:00,195.77306
2016-10-15 23:00:00,175.9601
2016-10-15 23:30:00,174.6817
2016-10-16 00:00:00,161.8084
2016-10-16 00:30:00,161.8084
2016-10-16 01:00:00,125.683525
2016-10-16 01:30:00,128.08142
2016-10-16 02:00:00,70.04707
2016-10-16 02:30:00,33.671413
2016-10-16 03:00:00,72.58597
2016-10-16 03:30:00,56.67519
2016-10-16 04:00:00,78.74671
2016-10-16 04:30:00,62.812122
2016-10-16 05:00:00,60.477657
2016-10-16 05:30:00,58.845802
2016-10-16 06:00:00,51.29976
2016-10-16 06:30:00,58.0077
2016-10-16 07:00:00,68.9222
2016-10-16 07:30:00,47.77207
2016-10-16 08:00:00,101.84182
2016-10-16 08:30:00,101.84182
2016-10-16 09:00:00,109.24261
2016-10-16 09:30:00,109.24261
2016-10-16 10:00:00,215.64107
2016-10-16 10:30:00,215.64107
2016-10-16 11:00:00,184.827
2016-10-16 11:30:00,198.60965
2016-10-16 12:00:00,312.67026
2016-10-16 12:30:00,322.29825
2016-10-16 13:00:00,362.13763
2016-10-16 13:30:00,484.6866
2016-10-16 14:00:00,521.7907
2016-10-16 14:30:00,308.49628
2016-10-16 15:00:00,465.84314
2016-10-16 15:30:00,635.547
2016-10-16 16:00:00,751.8628
2016-10-16 16:30:00,707.5841
2016-10-16 17:00:00,690.2986
2016-10-16 17:30:00,596.20575
2016-10-16 18:00:00,559.6684
2016-10-16 18:30:00,477.4304
2016-10-16 19:00:00,246.3561
2016-10-16 19:30:00,256.1947
2016-10-16 20:00:00,165.88606
2016-10-16 20:30:00,205.32405
2016-10-16 21:00:00,142.80568
2016-10-16 21:30:00,191.05504
2016-10-16 22:00:00,185.11224
2016-10-16 22:30:00,259.4768
2016-10-16 23:00:00,183.00368
2016-10-16 23:30:00,187.32233
2016-10-17 00:00:00,261.96088
2016-10-17 00:30:00,261.96088
2016-10-17 01:00:00,104.86428
2016-10-17 01:30:00,104.86428
2016-10-17 02:00:00,60.878937
2016-10-17 02:30:00,82.7919
2016-10-17 03:00:00,80.15124
2016-10-17 03:30:00,80.15124
2016-10-17 04:00:00,57.781406
2016-10-17 04:30:00,57.356125
2016-10-17 05:00:00,78.48861
2016-10-17 05:30:00,60.422077
2016-10-17 06:00:00,66.572495
2016-10-17 06:30:00,66.572495
2016-10-17 07:00:00,60.716587
2016-10-17 07:30:00,84.21575
2016-10-17 08:00:00,127.46922
2016-10-17 08:30:00,184.55563
2016-10-17 09:00:00,90.1376
2016-10-17 09:30:00,105.3623
2016-10-17 10:00:00,167.60757
2016-10-17 10:30:00,167.60757
2016-10-17 11:00:00,215.77826
2016-10-17 11:30:00,61.831795
2016-10-17 12:00:00,326.08444
2016-10-17 12:30:00,339.56656
2016-10-17 13:00:00,382.1524
2016-10-17 13:30:00,383.2793
2016-10-17 14:00:00,479.26703
2016-10-17 14:30:00,568.9462
2016-10-17 15:00:00,538.17316
2016-10-17 15:30:00,377.38916
2016-10-17 16:00:00,279.672
2016-10-17 16:30:00,238.22408
2016-10-17 17:00:00,362.54623
2016-10-17 17:30:00,274.05984
2016-10-17 18:00:00,422.2404
2016-10-17 18:30:00,296.1042
2016-10-17 19:00:00,236.66159
2016-10-17 19:30:00,283.1252
2016-10-17 20:00:00,197.60503
2016-10-17 20:30:00,197.60503
2016-10-17 21:00:00,237.23222
2016-10-17 21:30:00,227.82118
2016-10-17 22:00:00,212.50374
2016-10-17 22:30:00,224.2754
2016-10-17 23:00:00,187.43529
2016-10-17 23:30:00,198.59744
2016-10-18 00:00:00,156.80777
2016-10-18 00:30:00,142.81242
2016-10-18 01:00:00,492.44357
2016-10-18 01:30:00,434.8881
2016-10-18 02:00:00,438.55344
2016-10-18 02:30:00,438.55344
2016-10-18 03:00:00,396.6223
2016-10-18 03:30:00,109.50416
2016-10-18 04:00:00,126.16868
2016-10-18 04:30:00,89.2851
2016-10-18 05:00:00,39.00082
2016-10-18 05:30:00,44.431847
2016-10-18 06:00:00,126.88786
2016-10-18 06:30:00,74.6825
2016-10-18 07:00:00,63.285164
2016-10-18 07:30:00,77.53788
2016-10-18 08:00:00,181.6157
2016-10-18 08:30:00,172.17067
2016-10-18 09:00:00,47.63763
2016-10-18 09:30:00,118.484985
2016-10-18 10:00:00,162.55188
2016-10-18 10:30:00,178.9885
2016-10-18 11:00:00,183.31322
2016-10-18 11:30:00,132.60237
2016-10-18 12:00:00,249.98024
2016-10-18 12:30:00,221.05261
2016-10-18 13:00:00,195.6514
2016-10-18 13:30:00,208.34918
2016-10-18 14:00:00,304.791
2016-10-18 14:30:00,345.05716
2016-10-18 15:00:00,559.22626
2016-10-18 15:30:00,593.78143
2016-10-18 16:00:00,556.7666
2016-10-18 16:30:00,586.28815
2016-10-18 17:00:00,506.97995
2016-10-18 17:30:00,517.07745
2016-10-18 18:00:00,414.2687
2016-10-18 18:30:00,443.16833
2016-10-18 19:00:00,260.67563
2016-10-18 19:30:00,299.00977
2016-10-18 20:00:00,205.69824
2016-10-18 20:30:00,205.69824
2016-10-18 21:00:00,221.66962
2016-10-18 21:30:00,457.45395
2016-10-18 22:00:00,529.77545
2016-10-18 22:30:00,541.1203
2016-10-18 23:00:00,525.4189
2016-10-18 23:30:00,514.9839
2016-10-19 00:00:00,515.3577
2016-10-19 00:30:00,515.3577
2016-10-19 01:00:00,439.59482
2016-10-19 01:30:00,252.2794
2016-10-19 02:00:00,125.079994
2016-10-19 02:30:00,119.53609
2016-10-19 03:00:00,86.207146
2016-10-19 03:30:00,86.207146
2016-10-19 04:00:00,103.16478
2016-10-19 04:30:00,104.091705
2016-10-19 05:00:00,72.46028
2016-10-19 05:30:00,67.02924
2016-10-19 06:00:00,83.96411
2016-10-19 06:30:00,69.79642
2016-10-19 07:00:00,93.80724
2016-10-19 07:30:00,83.485985
2016-10-19 08:00:00,322.61374
2016-10-19 08:30:00,271.34344
2016-10-19 09:00:00,78.5612
2016-10-19 09:30:00,166.86925
2016-10-19 10:00:00,177.05554
2016-10-19 10:30:00,177.05554
2016-10-19 11:00:00,192.79546
2016-10-19 11:30:00,163.4593
2016-10-19 12:00:00,273.89166
2016-10-19 12:30:00,315.88815
2016-10-19 13:00:00,409.82928
2016-10-19 13:30:00,409.82928
2016-10-19 14:00:00,617.5183
2016-10-19 14:30:00,594.14606
2016-10-19 15:00:00,606.8717
2016-10-19 15:30:00,592.9613
2016-10-19 16:00:00,647.198
2016-10-19 16:30:00,668.9254
2016-10-19 17:00:00,614.80884
2016-10-19 17:30:00,614.80884
2016-10-19 18:00:00,433.18256
2016-10-19 18:30:00,510.71606
2016-10-19 19:00:00,344.6167
2016-10-19 19:30:00,242.35919
2016-10-19 20:00:00,145.5298
2016-10-19 20:30:00,147.49419
2016-10-19 21:00:00,224.86601
2016-10-19 21:30:00,184.17177
2016-10-19 22:00:00,218.06757
2016-10-19 22:30:00,243.53311
2016-10-19 23:00:00,248.21132
2016-10-19 23:30:00,610.58057
2016-10-20 00:00:00,527.62604
2016-10-20 00:30:00,482.55615
2016-10-20 01:00:00,390.31512
2016-10-20 01:30:00,378.34637
2016-10-20 02:00:00,289.12305
2016-10-20 02:30:00,404.31836
2016-10-20 03:00:00,333.0024
2016-10-20 03:30:00,85.30043
2016-10-20 04:00:00,63.238457
2016-10-20 04:30:00,70.589485
2016-10-20 05:00:00,43.480488
2016-10-20 05:30:00,44.669865
2016-10-20 06:00:00,29.025164
2016-10-20 06:30:00,36.12496
2016-10-20 07:00:00,13.719914
2016-10-20 07:30:00,20.81972
2016-10-20 08:00:00,119.96786
2016-10-20 08:30:00,169.68634
2016-10-20 09:00:00,97.30094
2016-10-20 09:30:00,118.30994
2016-10-20 10:00:00,128.52303
2016-10-20 10:30:00,159.1011
2016-10-20 11:00:00,147.42802
2016-10-20 11:30:00,156.83904
2016-10-20 12:00:00,263.98682
2016-10-20 12:30:00,242.24785
2016-10-20 13:00:00,482.19687
2016-10-20 13:30:00,511.98032
2016-10-20 14:00:00,473.50342
2016-10-20 14:30:00,473.50342
2016-10-20 15:00:00,439.0497
2016-10-20 15:30:00,507.8685
2016-10-20 16:00:00,370.00775
2016-10-20 16:30:00,352.3374
2016-10-20 17:00:00,237.23831
2016-10-20 17:30:00,255.07835
2016-10-20 18:00:00,229.11513
2016-10-20 18:30:00,230.93066
2016-10-20 19:00:00,153.82002
2016-10-20 19:30:00,137.38344
2016-10-20 20:00:00,192.6483
2016-10-20 20:30:00,192.6483
2016-10-20 21:00:00,264.93015
2016-10-20 21:30:00,488.03033
2016-10-20 22:00:00,676.3746
2016-10-20 22:30:00,619.82776
2016-10-20 23:00:00,593.729
2016-10-20 23:30:00,488.66293
2016-10-21 00:00:00,567.4277
2016-10-21 00:30:00,567.4277
2016-10-21 01:00:00,445.191
2016-10-21 01:30:00,183.31125
2016-10-21 02:00:00,66.53108
2016-10-21 02:30:00,36.464565
2016-10-21 03:00:00,41.47111
2016-10-21 03:30:00,44.617138
2016-10-21 04:00:00,43.839806
2016-10-21 04:30:00,35.262733
2016-10-21 05:00:00,48.14103
2016-10-21 05:30:00,49.067955
2016-10-21 06:00:00,60.388493
2016-10-21 06:30:00,50.330433
2016-10-21 07:00:00,43.851147
2016-10-21 07:30:00,35.91584
2016-10-21 08:00:00,202.45703
2016-10-21 08:30:00,156.03674
2016-10-21 09:00:00,78.53833
2016-10-21 09:30:00,108.19739
2016-10-21 10:00:00,113.41076
2016-10-21 10:30:00,113.41076
2016-10-21 11:00:00,177.48123
2016-10-21 11:30:00,202.38889
2016-10-21 12:00:00,262.8629
2016-10-21 12:30:00,275.61282
2016-10-21 13:00:00,220.89648
2016-10-21 13:30:00,160.01636
2016-10-21 14:00:00,159.0619
2016-10-21 14:30:00,142.4379
2016-10-21 15:00:00,190.86433
2016-10-21 15:30:00,211.31374
2016-10-21 16:00:00,263.65625
2016-10-21 16:30:00,281.5065
2016-10-21 17:00:00,233.06003
2016-10-21 17:30:00,205.2543
2016-10-21 18:00:00,211.91243
2016-10-21 18:30:00,220.18956
2016-10-21 19:00:00,175.08276
2016-10-21 19:30:00,144.38943
2016-10-21 20:00:00,190.32797
2016-10-21 20:30:00,235.56976
2016-10-21 21:00:00,191.79488
2016-10-21 21:30:00,191.79488
2016-10-21 22:00:00,275.72342
2016-10-21 22:30:00,214.48854
2016-10-21 23:00:00,160.94772
2016-10-21 23:30:00,190.46808
2016-10-22 00:00:00,213.34908
2016-10-22 00:30:00,213.34908
2016-10-22 01:00:00,210.34683
2016-10-22 01:30:00,270.74896
2016-10-22 02:00:00,435.08786
2016-10-22 02:30:00,380.5402
2016-10-22 03:00:00,419.59274
2016-10-22 03:30:00,395.87567
2016-10-22 04:00:00,161.91756
2016-10-22 04:30:00,404.85635
2016-10-22 05:00:00,171.80986
2016-10-22 05:30:00,346.8454
2016-10-22 06:00:00,129.6404
2016-10-22 06:30:00,48.167286
2016-10-22 07:00:00,93.15292
2016-10-22 07:30:00,70.244095
2016-10-22 08:00:00,44.10666
2016-10-22 08:30:00,48.308693
2016-10-22 09:00:00,114.30265
2016-10-22 09:30:00,140.03156
2016-10-22 10:00:00,72.63432
2016-10-22 10:30:00,80.52939
2016-10-22 11:00:00,113.35034
2016-10-22 11:30:00,113.35034
2016-10-22 12:00:00,155.18788
2016-10-22 12:30:00,155.18788
2016-10-22 13:00:00,123.29237
2016-10-22 13:30:00,129.2058
2016-10-22 14:00:00,209.05254
2016-10-22 14:30:00,237.71846
2016-10-22 15:00:00,149.75626
2016-10-22 15:30:00,120.12147
2016-10-22 16:00:00,147.36868
2016-10-22 16:30:00,291.28073
2016-10-22 17:00:00,255.41774
2016-10-22 17:30:00,320.1046
2016-10-22 18:00:00,131.29785
2016-10-22 18:30:00,185.26964
2016-10-22 19:00:00,124.08221
2016-10-22 19:30:00,132.27461
2016-10-22 20:00:00,108.04104
2016-10-22 20:30:00,108.04104
2016-10-22 21:00:00,167.8657
2016-10-22 21:30:00,164.71968
2016-10-22 22:00:00,177.24648
2016-10-22 22:30:00,312.47162
2016-10-22 23:00:00,510.6571
2016-10-22 23:30:00,474.52026
2016-10-23 00:00:00,497.6965
2016-10-23 00:30:00,433.38058
2016-10-23 01:00:00,370.0325
2016-10-23 01:30:00,370.0325
2016-10-23 02:00:00,303.09653
2016-10-23 02:30:00,83.31289
2016-10-23 03:00:00,59.58861
2016-10-23 03:30:00,59.58861
2016-10-23 04:00:00,57.88753
2016-10-23 04:30:00,57.88753
2016-10-23 05:00:00,59.047203
2016-10-23 05:30:00,73.042656
2016-10-23 06:00:00,90.73861
2016-10-23 06:30:00,90.73861
2016-10-23 07:00:00,127.65926
2016-10-23 07:30:00,113.663795
2016-10-23 08:00:00,137.03777
2016-10-23 08:30:00,154.40524
2016-10-23 09:00:00,94.89054
2016-10-23 09:30:00,103.49651
2016-10-23 10:00:00,150.60146
2016-10-23 10:30:00,197.48439
2016-10-23 11:00:00,230.17706
2016-10-23 11:30:00,230.17706
2016-10-23 12:00:00,264.8483
2016-10-23 12:30:00,408.79184
2016-10-23 13:00:00,543.80566
2016-10-23 13:30:00,487.0626
2016-10-23 14:00:00,616.35693
2016-10-23 14:30:00,630.12634
2016-10-23 15:00:00,614.32874
2016-10-23 15:30:00,649.672
2016-10-23 16:00:00,732.9276
2016-10-23 16:30:00,732.9276
2016-10-23 17:00:00,710.655
2016-10-23 17:30:00,710.655
2016-10-23 18:00:00,637.7439
2016-10-23 18:30:00,463.09195
2016-10-23 19:00:00,310.92227
2016-10-23 19:30:00,163.78995
2016-10-23 20:00:00,191.5279
2016-10-23 20:30:00,175.23912
2016-10-23 21:00:00,166.07892
2016-10-23 21:30:00,193.3249
2016-10-23 22:00:00,201.86493
2016-10-23 22:30:00,483.46463
2016-10-23 23:00:00,169.54143
2016-10-23 23:30:00,132.42195
2016-10-24 00:00:00,227.5423
2016-10-24 00:30:00,227.5423
2016-10-24 01:00:00,101.41907
2016-10-24 01:30:00,101.41907
2016-10-24 02:00:00,77.414185
2016-10-24 02:30:00,60.046707
2016-10-24 03:00:00,59.72335
2016-10-24 03:30:00,59.72335
2016-10-24 04:00:00,61.335316
2016-10-24 04:30:00,61.335316
2016-10-24 05:00:00,126.12416
2016-10-24 05:30:00,126.12416
2016-10-24 06:00:00,74.14909
2016-10-24 06:30:00,74.14909
2016-10-24 07:00:00,108.09925
2016-10-24 07:30:00,108.09925
2016-10-24 08:00:00,207.42178
2016-10-24 08:30:00,207.42178
2016-10-24 09:00:00,166.59242
2016-10-24 09:30:00,229.65598
2016-10-24 10:00:00,203.42445
2016-10-24 10:30:00,226.24527
2016-10-24 11:00:00,206.32867
2016-10-24 11:30:00,188.73946
2016-10-24 12:00:00,378.596
2016-10-24 12:30:00,360.9471
2016-10-24 13:00:00,373.4379
2016-10-24 13:30:00,310.51343
2016-10-24 14:00:00,196.60912
2016-10-24 14:30:00,360.65756
2016-10-24 15:00:00,370.62454
2016-10-24 15:30:00,560.39966
2016-10-24 16:00:00,520.58167
2016-10-24 16:30:00,656.511
2016-10-24 17:00:00,471.88672
2016-10-24 17:30:00,491.1022
2016-10-24 18:00:00,409.2435
2016-10-24 18:30:00,379.53964
2016-10-24 19:00:00,188.62665
2016-10-24 19:30:00,238.57166
2016-10-24 20:00:00,215.3831
2016-10-24 20:30:00,176.27434
2016-10-24 21:00:00,175.90678
2016-10-24 21:30:00,167.74945
2016-10-24 22:00:00,318.12656
2016-10-24 22:30:00,504.34805
2016-10-24 23:00:00,507.17838
2016-10-24 23:30:00,471.12695
2016-10-25 00:00:00,511.6639
2016-10-25 00:30:00,463.24426
2016-10-25 01:00:00,423.66968
2016-10-25 01:30:00,423.66968
2016-10-25 02:00:00,153.51118
2016-10-25 02:30:00,83.72029
2016-10-25 03:00:00,78.411545
2016-10-25 03:30:00,78.411545
2016-10-25 04:00:00,80.10064
2016-10-25 04:30:00,97.77534
2016-10-25 05:00:00,96.97949
2016-10-25 05:30:00,94.74914
2016-10-25 06:00:00,89.0257
2016-10-25 06:30:00,104.96031
2016-10-25 07:00:00,72.30321
2016-10-25 07:30:00,89.9779
2016-10-25 08:00:00,227.74669
2016-10-25 08:30:00,227.74669
2016-10-25 09:00:00,143.69269
2016-10-25 09:30:00,127.2706
2016-10-25 10:00:00,320.41867
2016-10-25 10:30:00,193.57588
2016-10-25 11:00:00,229.41371
2016-10-25 11:30:00,272.69614
2016-10-25 12:00:00,551.27124
2016-10-25 12:30:00,509.28357
2016-10-25 13:00:00,542.59015
2016-10-25 13:30:00,521.8981
2016-10-25 14:00:00,696.4874
2016-10-25 14:30:00,738.23584
2016-10-25 15:00:00,743.37885
2016-10-25 15:30:00,773.2542
2016-10-25 16:00:00,590.78613
2016-10-25 16:30:00,607.6991
2016-10-25 17:00:00,666.034
2016-10-25 17:30:00,656.88043
2016-10-25 18:00:00,538.2003
2016-10-25 18:30:00,518.8616
2016-10-25 19:00:00,197.78044
2016-10-25 19:30:00,201.54068
2016-10-25 20:00:00,382.38022
2016-10-25 20:30:00,568.54004
2016-10-25 21:00:00,547.38464
2016-10-25 21:30:00,547.38464
2016-10-25 22:00:00,534.5914
2016-10-25 22:30:00,681.1905
2016-10-25 23:00:00,516.0751
2016-10-25 23:30:00,540.4918
2016-10-26 00:00:00,471.91376
2016-10-26 00:30:00,226.96255
2016-10-26 01:00:00,137.09648
2016-10-26 01:30:00,137.09648
2016-10-26 02:00:00,105.76597
2016-10-26 02:30:00,88.09127
2016-10-26 03:00:00,86.40938
2016-10-26 03:30:00,103.923645
2016-10-26 04:00:00,82.904724
2016-10-26 04:30:00,113.78559
2016-10-26 05:00:00,97.49774
2016-10-26 05:30:00,97.88795
2016-10-26 06:00:00,120.93188
2016-10-26 06:30:00,126.51006
2016-10-26 07:00:00,109.25338
2016-10-26 07:30:00,127.54749
2016-10-26 08:00:00,231.63603
2016-10-26 08:30:00,231.63603
2016-10-26 09:00:00,284.71008
2016-10-26 09:30:00,169.44598
2016-10-26 10:00:00,174.52322
2016-10-26 10:30:00,251.67603
2016-10-26 11:00:00,445.98584
2016-10-26 11:30:00,366.35358
2016-10-26 12:00:00,331.81976
2016-10-26 12:30:00,224.24873
2016-10-26 13:00:00,519.5656
2016-10-26 13:30:00,485.90033
2016-10-26 14:00:00,644.7833
2016-10-26 14:30:00,665.31256
2016-10-26 15:00:00,614.35297
2016-10-26 15:30:00,681.0337
2016-10-26 16:00:00,577.73047
2016-10-26 16:30:00,698.24164
2016-10-26 17:00:00,535.6727
2016-10-26 17:30:00,689.38855
2016-10-26 18:00:00,387.1543
2016-10-26 18:30:00,602.5309
2016-10-26 19:00:00,286.8745
2016-10-26 19:30:00,215.20708
2016-10-26 20:00:00,211.32637
2016-10-26 20:30:00,191.46631
2016-10-26 21:00:00,161.79529
2016-10-26 21:30:00,189.41432
2016-10-26 22:00:00,566.0236
2016-10-26 22:30:00,590.4403
2016-10-26 23:00:00,584.90155
2016-10-26 23:30:00,615.9749
2016-10-27 00:00:00,545.045
2016-10-27 00:30:00,488.1463
2016-10-27 01:00:00,397.39987
2016-10-27 01:30:00,418.8681
2016-10-27 02:00:00,156.06581
2016-10-27 02:30:00,50.31569
2016-10-27 03:00:00,70.55191
2016-10-27 03:30:00,57.18531
2016-10-27 04:00:00,125.90523
2016-10-27 04:30:00,125.90523
2016-10-27 05:00:00,78.202484
2016-10-27 05:30:00,61.48806
2016-10-27 06:00:00,129.73715
2016-10-27 06:30:00,129.73715
2016-10-27 07:00:00,131.07854
2016-10-27 07:30:00,130.94296
2016-10-27 08:00:00,230.09517
2016-10-27 08:30:00,230.09517
2016-10-27 09:00:00,171.13248
2016-10-27 09:30:00,161.24924
2016-10-27 10:00:00,208.13567
2016-10-27 10:30:00,208.13567
2016-10-27 11:00:00,131.92325
2016-10-27 11:30:00,131.92325
2016-10-27 12:00:00,206.10204
2016-10-27 12:30:00,299.8907
2016-10-27 13:00:00,525.64166
2016-10-27 13:30:00,233.91776
2016-10-27 14:00:00,176.59106
2016-10-27 14:30:00,173.12137
2016-10-27 15:00:00,148.98355
2016-10-27 15:30:00,157.3206
2016-10-27 16:00:00,166.78625
2016-10-27 16:30:00,167.99463
2016-10-27 17:00:00,143.23248
2016-10-27 17:30:00,158.61064
2016-10-27 18:00:00,149.25516
2016-10-27 18:30:00,133.34177
2016-10-27 19:00:00,175.72922
2016-10-27 19:30:00,182.77354
2016-10-27 20:00:00,182.4402
2016-10-27 20:30:00,189.94771
2016-10-27 21:00:00,194.03596
2016-10-27 21:30:00,228.0262
2016-10-27 22:00:00,478.08795
2016-10-27 22:30:00,600.5721
2016-10-27 23:00:00,431.777
2016-10-27 23:30:00,427.03528
2016-10-28 00:00:00,513.60236
2016-10-28 00:30:00,533.84674
2016-10-28 01:00:00,431.6008
2016-10-28 01:30:00,374.5914
2016-10-28 02:00:00,128.32721
2016-10-28 02:30:00,50.345913
2016-10-28 03:00:00,51.537006
2016-10-28 03:30:00,62.74167
2016-10-28 04:00:00,75.79145
2016-10-28 04:30:00,75.79145
2016-10-28 05:00:00,93.006325
2016-10-28 05:30:00,87.01722
2016-10-28 06:00:00,99.217705
2016-10-28 06:30:00,99.217705
2016-10-28 07:00:00,83.67046
2016-10-28 07:30:00,89.65957
2016-10-28 08:00:00,265.74728
2016-10-28 08:30:00,265.74728
2016-10-28 09:00:00,107.64002
2016-10-28 09:30:00,133.87471
2016-10-28 10:00:00,149.69212
2016-10-28 10:30:00,144.09285
2016-10-28 11:00:00,166.75487
2016-10-28 11:30:00,166.75487
2016-10-28 12:00:00,183.65974
2016-10-28 12:30:00,246.83774
2016-10-28 13:00:00,417.08826
2016-10-28 13:30:00,272.8016
2016-10-28 14:00:00,298.21786
2016-10-28 14:30:00,382.27783
2016-10-28 15:00:00,487.6677
2016-10-28 15:30:00,346.15216
2016-10-28 16:00:00,313.27856
2016-10-28 16:30:00,245.19177
2016-10-28 17:00:00,333.1854
2016-10-28 17:30:00,348.85867
2016-10-28 18:00:00,357.00922
2016-10-28 18:30:00,218.8279
2016-10-28 19:00:00,196.10033
2016-10-28 19:30:00,189.07478
2016-10-28 20:00:00,202.20525
2016-10-28 20:30:00,202.20525
2016-10-28 21:00:00,181.74652
2016-10-28 21:30:00,181.74652
2016-10-28 22:00:00,176.74905
2016-10-28 22:30:00,226.88641
2016-10-28 23:00:00,224.81796
2016-10-28 23:30:00,221.0828
2016-10-29 00:00:00,232.71375
2016-10-29 00:30:00,192.41493
2016-10-29 01:00:00,223.48569
2016-10-29 01:30:00,223.48569
2016-10-29 02:00:00,91.77651
2016-10-29 02:30:00,446.0441
2016-10-29 03:00:00,454.9556
2016-10-29 03:30:00,595.9819
2016-10-29 04:00:00,453.45926
2016-10-29 04:30:00,453.45926
2016-10-29 05:00:00,453.33096
2016-10-29 05:30:00,466.87836
2016-10-29 06:00:00,386.0967
2016-10-29 06:30:00,118.13029
2016-10-29 07:00:00,101.46607
2016-10-29 07:30:00,101.46607
2016-10-29 08:00:00,146.47417
2016-10-29 08:30:00,149.40552
2016-10-29 09:00:00,132.56639
2016-10-29 09:30:00,135.38255
2016-10-29 10:00:00,179.43834
2016-10-29 10:30:00,179.43834
2016-10-29 11:00:00,277.07367
2016-10-29 11:30:00,277.07367
2016-10-29 12:00:00,368.30453
2016-10-29 12:30:00,360.5332
2016-10-29 13:00:00,300.91595
2016-10-29 13:30:00,575.1196
2016-10-29 14:00:00,351.33865
2016-10-29 14:30:00,407.48685
2016-10-29 15:00:00,450.84644
2016-10-29 15:30:00,380.93347
2016-10-29 16:00:00,368.04575
2016-10-29 16:30:00,444.82004
2016-10-29 17:00:00,434.9918
2016-10-29 17:30:00,435.8194
2016-10-29 18:00:00,220.64645
2016-10-29 18:30:00,192.07237
2016-10-29 19:00:00,213.3657
2016-10-29 19:30:00,174.25696
2016-10-29 20:00:00,157.61894
2016-10-29 20:30:00,139.70073
2016-10-29 21:00:00,171.59802
2016-10-29 21:30:00,171.59802
2016-10-29 22:00:00,270.4689
2016-10-29 22:30:00,391.2004
2016-10-29 23:00:00,188.54898
2016-10-29 23:30:00,188.54898
2016-10-30 00:00:00,216.56297
2016-10-30 00:30:00,216.56297
2016-10-30 01:00:00,124.6757
2016-10-30 01:30:00,124.6757
2016-10-30 02:00:00,35.43931
2016-10-30 02:30:00,35.43931
2016-10-30 03:00:00,40.294308
2016-10-30 03:30:00,56.22889
2016-10-30 04:00:00,35.026028
2016-10-30 04:30:00,35.026028
2016-10-30 05:00:00,34.038677
2016-10-30 05:30:00,34.038677
2016-10-30 06:00:00,40.293663
2016-10-30 06:30:00,56.228237
2016-10-30 07:00:00,34.038677
2016-10-30 07:30:00,34.038677
2016-10-30 08:00:00,74.721016
2016-10-30 08:30:00,164.24171
2016-10-30 09:00:00,48.29261
2016-10-30 09:30:00,70.15914
2016-10-30 10:00:00,162.93953
2016-10-30 10:30:00,166.63977
2016-10-30 11:00:00,152.70915
2016-10-30 11:30:00,166.97136
2016-10-30 12:00:00,276.8448
2016-10-30 12:30:00,358.30945
2016-10-30 13:00:00,451.40787
2016-10-30 13:30:00,407.17926
2016-10-30 14:00:00,277.06805
2016-10-30 14:30:00,342.66248
2016-10-30 15:00:00,340.8878
2016-10-30 15:30:00,355.29822
2016-10-30 16:00:00,399.24762
2016-10-30 16:30:00,327.73376
2016-10-30 17:00:00,472.02213
2016-10-30 17:30:00,378.67606
2016-10-30 18:00:00,255.59714
2016-10-30 18:30:00,202.53342
2016-10-30 19:00:00,146.11668
2016-10-30 19:30:00,159.0897
2016-10-30 20:00:00,88.4121
2016-10-30 20:30:00,76.38439
2016-10-30 21:00:00,83.245155
2016-10-30 21:30:00,151.66869
2016-10-30 22:00:00,180.23703
2016-10-30 22:30:00,212.74197
2016-10-30 23:00:00,210.3099
2016-10-30 23:30:00,165.09865
2016-10-31 00:00:00,140.33177
2016-10-31 00:30:00,140.33177
2016-10-31 01:00:00,79.93521
2016-10-31 01:30:00,57.394085
2016-10-31 02:00:00,13.833696
2016-10-31 02:30:00,13.833696
2016-10-31 03:00:00,17.590761
2016-10-31 03:30:00,17.590761
2016-10-31 04:00:00,22.597929
2016-10-31 04:30:00,22.597929
2016-10-31 05:00:00,35.29973
2016-10-31 05:30:00,35.29973
2016-10-31 06:00:00,20.712088
2016-10-31 06:30:00,20.712088
2016-10-31 07:00:00,2.8582609
2016-10-31 07:30:00,18.792837
2016-10-31 08:00:00,226.05812
2016-10-31 08:30:00,226.05812
2016-10-31 09:00:00,87.52729
2016-10-31 09:30:00,112.87617
2016-10-31 10:00:00,142.24977
2016-10-31 10:30:00,188.26262
2016-10-31 11:00:00,282.93692
2016-10-31 11:30:00,256.46906
2016-10-31 12:00:00,411.65448
2016-10-31 12:30:00,345.0417
2016-10-31 13:00:00,358.35355
2016-10-31 13:30:00,374.80844
2016-10-31 14:00:00,235.4653
2016-10-31 14:30:00,604.28284
2016-10-31 15:00:00,684.70844
2016-10-31 15:30:00,703.76294
2016-10-31 16:00:00,749.988
2016-10-31 16:30:00,749.988
2016-10-31 17:00:00,708.2102
2016-10-31 17:30:00,699.8557
2016-10-31 18:00:00,574.7836
2016-10-31 18:30:00,403.83786
2016-10-31 19:00:00,152.92169
2016-10-31 19:30:00,112.53014
2016-10-31 20:00:00,86.48417
2016-10-31 20:30:00,125.50102
2016-10-31 21:00:00,123.015175
2016-10-31 21:30:00,137.16994
2016-10-31 22:00:00,171.72795
2016-10-31 22:30:00,222.15242
2016-10-31 23:00:00,336.48813
2016-10-31 23:30:00,169.57205
2016-11-01 00:00:00,138.96136
2016-11-01 00:30:00,138.96136
2016-11-01 01:00:00,127.0854
2016-11-01 01:30:00,126.94983
2016-11-01 02:00:00,122.48188
2016-11-01 02:30:00,109.139084
2016-11-01 03:00:00,127.62839
2016-11-01 03:30:00,127.21745
2016-11-01 04:00:00,91.97811
2016-11-01 04:30:00,91.97811
2016-11-01 05:00:00,113.2955
2016-11-01 05:30:00,113.2955
2016-11-01 06:00:00,128.04886
2016-11-01 06:30:00,128.04886
2016-11-01 07:00:00,117.36436
2016-11-01 07:30:00,117.36436
2016-11-01 08:00:00,222.09119
2016-11-01 08:30:00,222.09119
2016-11-01 09:00:00,126.78188
2016-11-01 09:30:00,126.64631
2016-11-01 10:00:00,181.8314
2016-11-01 10:30:00,182.97763
2016-11-01 11:00:00,187.0252
2016-11-01 11:30:00,162.11757
2016-11-01 12:00:00,368.81503
2016-11-01 12:30:00,416.5894
2016-11-01 13:00:00,550.2794
2016-11-01 13:30:00,588.8473
2016-11-01 14:00:00,633.34735
2016-11-01 14:30:00,710.6533
2016-11-01 15:00:00,745.00415
2016-11-01 15:30:00,787.05707
2016-11-01 16:00:00,802.3148
2016-11-01 16:30:00,727.6132
2016-11-01 17:00:00,756.5681
2016-11-01 17:30:00,619.8944
2016-11-01 18:00:00,545.4618
2016-11-01 18:30:00,438.76584
2016-11-01 19:00:00,224.18681
2016-11-01 19:30:00,174.33061
2016-11-01 20:00:00,261.054
2016-11-01 20:30:00,184.52582
2016-11-01 21:00:00,202.15544
2016-11-01 21:30:00,202.15544
2016-11-01 22:00:00,283.96075
2016-11-01 22:30:00,299.9722
2016-11-01 23:00:00,188.7264
2016-11-01 23:30:00,170.4232
2016-11-02 00:00:00,160.26645
2016-11-02 00:30:00,145.93217
2016-11-02 01:00:00,137.50592
2016-11-02 01:30:00,110.458885
2016-11-02 02:00:00,70.47385
2016-11-02 02:30:00,56.449413
2016-11-02 03:00:00,73.91845
2016-11-02 03:30:00,57.98386
2016-11-02 04:00:00,61.232487
2016-11-02 04:30:00,61.232487
2016-11-02 05:00:00,97.40449
2016-11-02 05:30:00,84.52814
2016-11-02 06:00:00,48.161545
2016-11-02 06:30:00,121.88943
2016-11-02 07:00:00,155.91835
2016-11-02 07:30:00,62.803646
2016-11-02 08:00:00,202.05527
2016-11-02 08:30:00,202.05527
2016-11-02 09:00:00,112.007065
2016-11-02 09:30:00,127.941635
2016-11-02 10:00:00,142.32431
2016-11-02 10:30:00,142.32431
2016-11-02 11:00:00,170.85701
2016-11-02 11:30:00,209.29572
2016-11-02 12:00:00,208.51587
2016-11-02 12:30:00,335.51495
2016-11-02 13:00:00,362.66364
2016-11-02 13:30:00,427.03476
2016-11-02 14:00:00,479.60925
2016-11-02 14:30:00,548.09265
2016-11-02 15:00:00,626.05884
2016-11-02 15:30:00,662.5194
2016-11-02 16:00:00,640.26605
2016-11-02 16:30:00,625.8057
2016-11-02 17:00:00,305.64487
2016-11-02 17:30:00,185.26764
2016-11-02 18:00:00,422.43033
2016-11-02 18:30:00,477.15356
2016-11-02 19:00:00,277.82327
2016-11-02 19:30:00,204.70131
2016-11-02 20:00:00,189.1207
2016-11-02 20:30:00,204.57082
2016-11-02 21:00:00,363.5607
2016-11-02 21:30:00,555.0601
2016-11-02 22:00:00,500.349
2016-11-02 22:30:00,500.349
2016-11-02 23:00:00,545.228
2016-11-02 23:30:00,541.2554
2016-11-03 00:00:00,586.0894
2016-11-03 00:30:00,614.9955
2016-11-03 01:00:00,451.75378
2016-11-03 01:30:00,190.30075
2016-11-03 02:00:00,62.14522
2016-11-03 02:30:00,62.14522
2016-11-03 03:00:00,51.835255
2016-11-03 03:30:00,51.835255
2016-11-03 04:00:00,43.319344
2016-11-03 04:30:00,43.319344
2016-11-03 05:00:00,64.90964
2016-11-03 05:30:00,80.84423
2016-11-03 06:00:00,60.1533
2016-11-03 06:30:00,60.1533
2016-11-03 07:00:00,50.420887
2016-11-03 07:30:00,50.420887
2016-11-03 08:00:00,179.29854
2016-11-03 08:30:00,195.23314
2016-11-03 09:00:00,233.13423
2016-11-03 09:30:00,248.38754
2016-11-03 10:00:00,165.44736
2016-11-03 10:30:00,172.47293
2016-11-03 11:00:00,156.62308
2016-11-03 11:30:00,153.48773
2016-11-03 12:00:00,296.8966
2016-11-03 12:30:00,279.40582
2016-11-03 13:00:00,161.10828
2016-11-03 13:30:00,142.36507
2016-11-03 14:00:00,314.46207
2016-11-03 14:30:00,229.03078
2016-11-03 15:00:00,219.32014
2016-11-03 15:30:00,209.92973
2016-11-03 16:00:00,181.79504
2016-11-03 16:30:00,184.93039
2016-11-03 17:00:00,262.2406
2016-11-03 17:30:00,191.21298
2016-11-03 18:00:00,135.24829
2016-11-03 18:30:00,273.29962
2016-11-03 19:00:00,262.40723
2016-11-03 19:30:00,401.6868
2016-11-03 20:00:00,218.22244
2016-11-03 20:30:00,191.9621
2016-11-03 21:00:00,171.38577
2016-11-03 21:30:00,330.859
2016-11-03 22:00:00,558.70056
2016-11-03 22:30:00,640.93445
2016-11-03 23:00:00,548.9256
2016-11-03 23:30:00,547.86694
2016-11-04 00:00:00,485.30435
2016-11-04 00:30:00,482.51892
2016-11-04 01:00:00,319.21875
2016-11-04 01:30:00,357.79822
2016-11-04 02:00:00,79.9501
2016-11-04 02:30:00,45.77141
2016-11-04 03:00:00,150.05197
2016-11-04 03:30:00,41.30993
2016-11-04 04:00:00,41.373676
2016-11-04 04:30:00,41.373676
2016-11-04 05:00:00,36.65885
2016-11-04 05:30:00,36.65885
2016-11-04 06:00:00,49.67952
2016-11-04 06:30:00,49.67952
2016-11-04 07:00:00,66.48924
2016-11-04 07:30:00,50.554646
2016-11-04 08:00:00,221.53871
2016-11-04 08:30:00,204.17126
2016-11-04 09:00:00,150.98506
2016-11-04 09:30:00,135.20883
2016-11-04 10:00:00,137.51889
2016-11-04 10:30:00,138.52954
2016-11-04 11:00:00,140.99588
2016-11-04 11:30:00,140.99588
2016-11-04 12:00:00,138.89117
2016-11-04 12:30:00,407.7282
2016-11-04 13:00:00,315.08136
2016-11-04 13:30:00,473.70853
2016-11-04 14:00:00,564.65393
2016-11-04 14:30:00,504.3355
2016-11-04 15:00:00,409.83786
2016-11-04 15:30:00,638.36945
2016-11-04 16:00:00,730.9069
2016-11-04 16:30:00,759.19763
2016-11-04 17:00:00,693.64905
2016-11-04 17:30:00,694.1052
2016-11-04 18:00:00,589.4877
2016-11-04 18:30:00,447.97247
2016-11-04 19:00:00,179.24475
2016-11-04 19:30:00,168.74432
2016-11-04 20:00:00,223.94684
2016-11-04 20:30:00,144.6909
2016-11-04 21:00:00,218.44243
2016-11-04 21:30:00,222.87898
2016-11-04 22:00:00,223.86366
2016-11-04 22:30:00,239.87509
2016-11-04 23:00:00,228.55562
2016-11-04 23:30:00,337.4891
2016-11-05 00:00:00,112.294525
2016-11-05 00:30:00,112.294525
2016-11-05 01:00:00,118.581245
2016-11-05 01:30:00,118.581245
2016-11-05 02:00:00,134.79593
2016-11-05 02:30:00,435.52362
2016-11-05 03:00:00,552.86615
2016-11-05 03:30:00,411.18353
2016-11-05 04:00:00,410.30063
2016-11-05 04:30:00,420.4109
2016-11-05 05:00:00,405.3031
2016-11-05 05:30:00,405.3031
2016-11-05 06:00:00,79.88212
2016-11-05 06:30:00,85.21241
2016-11-05 07:00:00,77.66171
2016-11-05 07:30:00,77.66171
2016-11-05 08:00:00,96.83204
2016-11-05 08:30:00,96.83204
2016-11-05 09:00:00,75.45365
2016-11-05 09:30:00,78.38501
2016-11-05 10:00:00,173.13304
2016-11-05 10:30:00,171.86285
2016-11-05 11:00:00,226.3037
2016-11-05 11:30:00,193.5689
2016-11-05 12:00:00,447.45404
2016-11-05 12:30:00,239.45152
2016-11-05 13:00:00,459.6281
2016-11-05 13:30:00,395.88077
2016-11-05 14:00:00,590.5373
2016-11-05 14:30:00,418.25085
2016-11-05 15:00:00,542.1349
2016-11-05 15:30:00,621.4527
2016-11-05 16:00:00,246.52975
2016-11-05 16:30:00,246.52975
2016-11-05 17:00:00,286.62534
2016-11-05 17:30:00,321.81805
2016-11-05 18:00:00,267.27124
2016-11-05 18:30:00,407.7905
2016-11-05 19:00:00,367.2718
2016-11-05 19:30:00,265.64566
2016-11-05 20:00:00,314.9133
2016-11-05 20:30:00,232.79588
2016-11-05 21:00:00,178.28069
2016-11-05 21:30:00,171.78775
2016-11-05 22:00:00,241.63278
2016-11-05 22:30:00,233.44482
2016-11-05 23:00:00,206.89055
2016-11-05 23:30:00,157.90167
2016-11-06 00:00:00,151.47159
2016-11-06 00:30:00,149.0737
2016-11-06 01:00:00,107.022835
2016-11-06 01:30:00,96.797424
2016-11-06 02:00:00,72.438736
2016-11-06 02:30:00,61.389698
2016-11-06 03:00:00,54.96684
2016-11-06 03:30:00,54.96684
2016-11-06 04:00:00,60.120724
2016-11-06 04:30:00,61.860832
2016-11-06 06:00:00,60.694748
2016-11-06 06:30:00,60.694748
2016-11-06 07:00:00,58.24677
2016-11-06 07:30:00,64.23588
2016-11-06 08:00:00,57.868053
2016-11-06 08:30:00,81.014275
2016-11-06 09:00:00,76.166954
2016-11-06 09:30:00,79.09832
2016-11-06 10:00:00,129.64172
2016-11-06 10:30:00,142.61476
2016-11-06 11:00:00,169.65384
2016-11-06 11:30:00,152.57477
2016-11-06 12:00:00,199.63808
2016-11-06 12:30:00,383.32294
2016-11-06 13:00:00,555.5861
2016-11-06 13:30:00,503.46133
2016-11-06 14:00:00,299.11996
2016-11-06 14:30:00,485.25552
2016-11-06 15:00:00,591.8461
2016-11-06 15:30:00,300.51953
2016-11-06 16:00:00,436.9791
2016-11-06 16:30:00,412.30713
2016-11-06 17:00:00,238.2606
2016-11-06 17:30:00,324.30096
2016-11-06 18:00:00,433.67572
2016-11-06 18:30:00,238.00476
2016-11-06 19:00:00,259.48044
2016-11-06 19:30:00,276.09293
2016-11-06 20:00:00,217.87807
2016-11-06 20:30:00,201.65816
2016-11-06 21:00:00,233.03621
2016-11-06 21:30:00,200.64839
2016-11-06 22:00:00,174.82645
2016-11-06 22:30:00,216.87527
2016-11-06 23:00:00,235.52083
2016-11-06 23:30:00,213.33307
2016-11-07 00:00:00,150.23824
2016-11-07 00:30:00,150.23824
2016-11-07 01:00:00,223.73907
2016-11-07 01:30:00,223.73907
2016-11-07 02:00:00,72.385994
2016-11-07 02:30:00,69.454636
2016-11-07 03:00:00,51.579018
2016-11-07 03:30:00,69.25372
2016-11-07 04:00:00,86.50736
2016-11-07 04:30:00,86.50736
2016-11-07 05:00:00,111.23785
2016-11-07 05:30:00,122.37409
2016-11-07 06:00:00,126.688
2016-11-07 06:30:00,126.688
2016-11-07 07:00:00,131.94456
2016-11-07 07:30:00,131.94456
2016-11-07 08:00:00,232.50201
2016-11-07 08:30:00,232.63759
2016-11-07 09:00:00,165.57521
2016-11-07 09:30:00,165.43964
2016-11-07 10:00:00,172.2573
2016-11-07 10:30:00,172.2573
2016-11-07 11:00:00,188.9571
2016-11-07 11:30:00,213.86475
2016-11-07 12:00:00,351.65
2016-11-07 12:30:00,399.1553
2016-11-07 13:00:00,629.2891
2016-11-07 13:30:00,618.4224
2016-11-07 14:00:00,613.1244
2016-11-07 14:30:00,700.4198
2016-11-07 15:00:00,733.4896
2016-11-07 15:30:00,744.7686
2016-11-07 16:00:00,751.0334
2016-11-07 16:30:00,753.2081
2016-11-07 17:00:00,730.5647
2016-11-07 17:30:00,767.3057
2016-11-07 18:00:00,673.25336
2016-11-07 18:30:00,563.93304
2016-11-07 19:00:00,190.58185
2016-11-07 19:30:00,172.0376
2016-11-07 20:00:00,151.07043
2016-11-07 20:30:00,137.48238
2016-11-07 21:00:00,122.19716
2016-11-07 21:30:00,110.86267
2016-11-07 22:00:00,331.25406
2016-11-07 22:30:00,296.27
2016-11-07 23:00:00,175.54025
2016-11-07 23:30:00,231.70396
2016-11-08 00:00:00,163.11336
2016-11-08 00:30:00,158.61598
2016-11-08 01:00:00,158.36292
2016-11-08 01:30:00,152.71448
2016-11-08 02:00:00,109.36664
2016-11-08 02:30:00,247.47543
2016-11-08 03:00:00,457.14444
2016-11-08 03:30:00,480.83
2016-11-08 04:00:00,469.1467
2016-11-08 04:30:00,469.1467
2016-11-08 05:00:00,421.22827
2016-11-08 05:30:00,421.22827
2016-11-08 06:00:00,401.76068
2016-11-08 06:30:00,175.18192
2016-11-08 07:00:00,107.0636
2016-11-08 07:30:00,107.0636
2016-11-08 08:00:00,231.04959
2016-11-08 08:30:00,231.04959
2016-11-08 09:00:00,132.30325
2016-11-08 09:30:00,132.43883
2016-11-08 10:00:00,175.89215
2016-11-08 10:30:00,173.0126
2016-11-08 11:00:00,113.3439
2016-11-08 11:30:00,139.26222
2016-11-08 12:00:00,249.76387
2016-11-08 12:30:00,313.9049
2016-11-08 13:00:00,461.1719
2016-11-08 13:30:00,513.5512
2016-11-08 14:00:00,593.35974
2016-11-08 14:30:00,635.53015
2016-11-08 15:00:00,650.2418
2016-11-08 15:30:00,698.0056
2016-11-08 16:00:00,665.3188
2016-11-08 16:30:00,712.7865
2016-11-08 17:00:00,700.8076
2016-11-08 17:30:00,700.7109
2016-11-08 18:00:00,563.26807
2016-11-08 18:30:00,422.6547
2016-11-08 19:00:00,204.9123
2016-11-08 19:30:00,162.86517
2016-11-08 20:00:00,136.03957
2016-11-08 20:30:00,176.33481
2016-11-08 21:00:00,147.87314
2016-11-08 21:30:00,107.845634
2016-11-08 22:00:00,215.637
2016-11-08 22:30:00,493.53436
2016-11-08 23:00:00,496.12726
2016-11-08 23:30:00,571.08997
2016-11-09 00:00:00,483.99216
2016-11-09 00:30:00,436.84348
2016-11-09 01:00:00,422.49942
2016-11-09 01:30:00,458.72958
2016-11-09 02:00:00,425.22733
2016-11-09 02:30:00,118.432495
2016-11-09 03:00:00,78.61972
2016-11-09 03:30:00,71.636696
2016-11-09 04:00:00,80.06419
2016-11-09 04:30:00,77.83384
2016-11-09 05:00:00,80.035095
2016-11-09 05:30:00,80.035095
2016-11-09 06:00:00,81.223045
2016-11-09 06:30:00,81.223045
2016-11-09 07:00:00,99.148026
2016-11-09 07:30:00,116.246574
2016-11-09 08:00:00,180.35452
2016-11-09 08:30:00,180.35452
2016-11-09 09:00:00,117.71155
2016-11-09 09:30:00,117.71155
2016-11-09 10:00:00,178.19258
2016-11-09 10:30:00,178.19258
2016-11-09 11:00:00,240.0799
2016-11-09 11:30:00,205.68396
2016-11-09 12:00:00,171.76715
2016-11-09 12:30:00,157.32672
2016-11-09 13:00:00,168.52628
2016-11-09 13:30:00,158.00784
2016-11-09 14:00:00,144.37904
2016-11-09 14:30:00,353.28378
2016-11-09 15:00:00,379.42484
2016-11-09 15:30:00,188.97931
2016-11-09 16:00:00,160.79042
2016-11-09 16:30:00,148.60927
2016-11-09 17:00:00,154.968
2016-11-09 17:30:00,162.73936
2016-11-09 18:00:00,142.39989
2016-11-09 18:30:00,211.88945
2016-11-09 19:00:00,165.24225
2016-11-09 19:30:00,152.88435
2016-11-09 20:00:00,185.29759
2016-11-09 20:30:00,229.32031
2016-11-09 21:00:00,268.72668
2016-11-09 21:30:00,268.72668
2016-11-09 22:00:00,254.97443
2016-11-09 22:30:00,415.45358
2016-11-09 23:00:00,534.25775
2016-11-09 23:30:00,570.18304
2016-11-10 00:00:00,507.64783
2016-11-10 00:30:00,483.96362
2016-11-10 01:00:00,396.08746
2016-11-10 01:30:00,401.44745
2016-11-10 02:00:00,440.7809
2016-11-10 02:30:00,129.86238
2016-11-10 03:00:00,63.823563
2016-11-10 03:30:00,53.08177
2016-11-10 04:00:00,58.92311
2016-11-10 04:30:00,42.988518
2016-11-10 05:00:00,42.055244
2016-11-10 05:30:00,46.807926
2016-11-10 06:00:00,72.4003
2016-11-10 06:30:00,55.032852
2016-11-10 07:00:00,74.811264
2016-11-10 07:30:00,65.79492
2016-11-10 08:00:00,199.63705
2016-11-10 08:30:00,203.52797
2016-11-10 09:00:00,106.07271
2016-11-10 09:30:00,106.07271
2016-11-10 10:00:00,132.9186
2016-11-10 10:30:00,132.9186
2016-11-10 11:00:00,138.39282
2016-11-10 11:30:00,139.40349
2016-11-10 12:00:00,304.32056
2016-11-10 12:30:00,413.33987
2016-11-10 13:00:00,426.78696
2016-11-10 13:30:00,538.1718
2016-11-10 14:00:00,636.62836
2016-11-10 14:30:00,600.65466
2016-11-10 15:00:00,650.2384
2016-11-10 15:30:00,626.4011
2016-11-10 16:00:00,568.81116
2016-11-10 16:30:00,584.6361
2016-11-10 17:00:00,559.80066
2016-11-10 17:30:00,500.4893
2016-11-10 18:00:00,505.02863
2016-11-10 18:30:00,451.52682
2016-11-10 19:00:00,168.99313
2016-11-10 19:30:00,137.73495
2016-11-10 20:00:00,135.10918
2016-11-10 20:30:00,133.55215
2016-11-10 21:00:00,146.12871
2016-11-10 21:30:00,146.12871
2016-11-10 22:00:00,173.75967
2016-11-10 22:30:00,173.75967
2016-11-10 23:00:00,163.73807
2016-11-10 23:30:00,189.89168
2016-11-11 00:00:00,195.68839
2016-11-11 00:30:00,195.68839
2016-11-11 01:00:00,118.1013
2016-11-11 01:30:00,102.53623
2016-11-11 02:00:00,428.22195
2016-11-11 02:30:00,414.67456
2016-11-11 03:00:00,417.9251
2016-11-11 03:30:00,417.9251
2016-11-11 04:00:00,376.8649
2016-11-11 04:30:00,376.8649
2016-11-11 05:00:00,412.61438
2016-11-11 05:30:00,216.98247
2016-11-11 06:00:00,95.12334
2016-11-11 06:30:00,89.86575
2016-11-11 07:00:00,91.91877
2016-11-11 07:30:00,89.688416
2016-11-11 08:00:00,208.41158
2016-11-11 08:30:00,192.39401
2016-11-11 09:00:00,193.14925
2016-11-11 09:30:00,193.14925
2016-11-11 10:00:00,281.70752
2016-11-11 10:30:00,155.14388
2016-11-11 11:00:00,184.31181
2016-11-11 11:30:00,217.46582
2016-11-11 12:00:00,382.5182
2016-11-11 12:30:00,398.18353
2016-11-11 13:00:00,363.3898
2016-11-11 13:30:00,373.17438
2016-11-11 14:00:00,447.5289
2016-11-11 14:30:00,505.34207
2016-11-11 15:00:00,464.94305
2016-11-11 15:30:00,464.94305
2016-11-11 16:00:00,583.3227
2016-11-11 16:30:00,573.28845
2016-11-11 17:00:00,296.95087
2016-11-11 17:30:00,493.95377
2016-11-11 18:00:00,462.73148
2016-11-11 18:30:00,461.09857
2016-11-11 19:00:00,255.12958
2016-11-11 19:30:00,149.52283
2016-11-11 20:00:00,140.99164
2016-11-11 20:30:00,139.03868
2016-11-11 21:00:00,306.5857
2016-11-11 21:30:00,115.274086
2016-11-11 22:00:00,178.94896
2016-11-11 22:30:00,124.19752
2016-11-11 23:00:00,201.77391
2016-11-11 23:30:00,219.94688
2016-11-12 00:00:00,134.69756
2016-11-12 00:30:00,134.69756
2016-11-12 01:00:00,79.36543
2016-11-12 01:30:00,74.46929
2016-11-12 02:00:00,54.828865
2016-11-12 02:30:00,91.4396
2016-11-12 03:00:00,418.91852
2016-11-12 03:30:00,420.6356
2016-11-12 04:00:00,405.21542
2016-11-12 04:30:00,394.41345
2016-11-12 05:00:00,368.79272
2016-11-12 05:30:00,368.79272
2016-11-12 06:00:00,283.57364
2016-11-12 06:30:00,104.5278
2016-11-12 07:00:00,58.728653
2016-11-12 07:30:00,58.197037
2016-11-12 08:00:00,71.214806
2016-11-12 08:30:00,71.214806
2016-11-12 09:00:00,196.55984
2016-11-12 09:30:00,196.55984
2016-11-12 10:00:00,138.75543
2016-11-12 10:30:00,158.76587
2016-11-12 11:00:00,154.50516
2016-11-12 11:30:00,151.5738
2016-11-12 12:00:00,299.4331
2016-11-12 12:30:00,416.7391
2016-11-12 13:00:00,475.95264
2016-11-12 13:30:00,576.99695
2016-11-12 14:00:00,637.15356
2016-11-12 14:30:00,723.2204
2016-11-12 15:00:00,775.93365
2016-11-12 15:30:00,801.27527
2016-11-12 16:00:00,769.2109
2016-11-12 16:30:00,810.21106
2016-11-12 17:00:00,719.34735
2016-11-12 17:30:00,652.0498
2016-11-12 18:00:00,599.9058
2016-11-12 18:30:00,437.69504
2016-11-12 19:00:00,443.08875
2016-11-12 19:30:00,398.243
2016-11-12 20:00:00,361.22714
2016-11-12 20:30:00,302.21945
2016-11-12 21:00:00,347.66077
2016-11-12 21:30:00,382.74197
2016-11-12 22:00:00,306.33264
2016-11-12 22:30:00,155.89896
2016-11-12 23:00:00,203.35896
2016-11-12 23:30:00,216.332
2016-11-13 00:00:00,175.57184
2016-11-13 00:30:00,177.96974
2016-11-13 01:00:00,122.06551
2016-11-13 01:30:00,122.06551
2016-11-13 02:00:00,141.93361
2016-11-13 02:30:00,139.00224
2016-11-13 03:00:00,99.34199
2016-11-13 03:30:00,99.34199
2016-11-13 04:00:00,98.21374
2016-11-13 04:30:00,92.63556
2016-11-13 05:00:00,99.18157
2016-11-13 05:30:00,101.41193
2016-11-13 06:00:00,100.359886
2016-11-13 06:30:00,98.12953
2016-11-13 07:00:00,98.95016
2016-11-13 07:30:00,98.95016
2016-11-13 08:00:00,91.26579
2016-11-13 08:30:00,108.364334
2016-11-13 09:00:00,112.6228
2016-11-13 09:30:00,112.6228
2016-11-13 10:00:00,139.00697
2016-11-13 10:30:00,142.782
2016-11-13 11:00:00,145.96432
2016-11-13 11:30:00,163.04341
2016-11-13 12:00:00,233.17294
2016-11-13 12:30:00,256.1372
2016-11-13 13:00:00,464.53278
2016-11-13 13:30:00,570.2957
2016-11-13 14:00:00,526.8134
2016-11-13 14:30:00,707.8487
2016-11-13 15:00:00,704.92645
2016-11-13 15:30:00,728.83966
2016-11-13 16:00:00,740.83026
2016-11-13 16:30:00,702.9053
2016-11-13 17:00:00,717.87164
2016-11-13 17:30:00,657.0417
2016-11-13 18:00:00,521.1346
2016-11-13 18:30:00,397.97275
2016-11-13 19:00:00,203.91705
2016-11-13 19:30:00,149.42389
2016-11-13 20:00:00,111.69207
2016-11-13 20:30:00,111.69207
2016-11-13 21:00:00,119.80253
2016-11-13 21:30:00,119.80253
2016-11-13 22:00:00,158.62201
2016-11-13 22:30:00,158.62201
2016-11-13 23:00:00,186.31085
2016-11-13 23:30:00,179.28687
2016-11-14 00:00:00,133.3751
2016-11-14 00:30:00,145.79732
2016-11-14 01:00:00,106.24121
2016-11-14 01:30:00,106.24121
2016-11-14 02:00:00,71.71355
2016-11-14 02:30:00,66.06512
2016-11-14 03:00:00,87.86698
2016-11-14 03:30:00,82.316826
2016-11-14 04:00:00,75.58746
2016-11-14 04:30:00,98.344666
2016-11-14 05:00:00,75.92811
2016-11-14 05:30:00,81.18569
2016-11-14 06:00:00,78.30474
2016-11-14 06:30:00,83.88292
2016-11-14 07:00:00,84.15243
2016-11-14 07:30:00,84.15243
2016-11-14 08:00:00,203.60655
2016-11-14 08:30:00,203.60655
2016-11-14 09:00:00,119.42968
2016-11-14 09:30:00,119.018745
2016-11-14 10:00:00,180.6475
2016-11-14 10:30:00,161.75473
2016-11-14 11:00:00,180.31442
2016-11-14 11:30:00,181.32507
2016-11-14 12:00:00,269.9291
2016-11-14 12:30:00,373.03888
2016-11-14 13:00:00,459.20053
2016-11-14 13:30:00,596.5084
2016-11-14 14:00:00,611.98285
2016-11-14 14:30:00,671.15283
2016-11-14 15:00:00,679.27484
2016-11-14 15:30:00,686.09625
2016-11-14 16:00:00,752.3147
2016-11-14 16:30:00,744.1169
2016-11-14 17:00:00,661.2256
2016-11-14 17:30:00,605.25806
2016-11-14 18:00:00,634.5766
2016-11-14 18:30:00,436.11758
2016-11-14 19:00:00,267.4798
2016-11-14 19:30:00,228.3711
2016-11-14 20:00:00,187.05199
2016-11-14 20:30:00,165.88329
2016-11-14 21:00:00,156.27686
2016-11-14 21:30:00,167.11128
2016-11-14 22:00:00,193.30298
2016-11-14 22:30:00,258.55423
2016-11-14 23:00:00,144.00865
2016-11-14 23:30:00,144.00865
2016-11-15 00:00:00,140.58096
2016-11-15 00:30:00,140.58096
2016-11-15 01:00:00,62.173424
2016-11-15 01:30:00,62.173424
2016-11-15 02:00:00,80.19763
2016-11-15 02:30:00,80.19763
2016-11-15 03:00:00,-1.7869797
2016-11-15 03:30:00,14.1476
2016-11-15 04:00:00,75.32295
2016-11-15 04:30:00,75.32295
2016-11-15 05:00:00,66.167595
2016-11-15 05:30:00,89.23205
2016-11-15 06:00:00,90.292854
2016-11-15 06:30:00,98.5581
2016-11-15 07:00:00,20.070133
2016-11-15 07:30:00,27.05317
2016-11-15 08:00:00,205.39313
2016-11-15 08:30:00,239.39293
2016-11-15 09:00:00,137.20241
2016-11-15 09:30:00,137.20241
2016-11-15 10:00:00,170.01457
2016-11-15 10:30:00,170.01457
2016-11-15 11:00:00,126.75021
2016-11-15 11:30:00,152.66855
2016-11-15 12:00:00,129.92245
2016-11-15 12:30:00,132.62408
2016-11-15 13:00:00,150.18253
2016-11-15 13:30:00,161.40619
2016-11-15 14:00:00,159.94907
2016-11-15 14:30:00,159.94907
2016-11-15 15:00:00,140.10643
2016-11-15 15:30:00,145.58476
2016-11-15 16:00:00,186.40868
2016-11-15 16:30:00,186.40868
2016-11-15 17:00:00,145.15015
2016-11-15 17:30:00,212.64467
2016-11-15 18:00:00,122.91926
2016-11-15 18:30:00,129.10934
2016-11-15 19:00:00,155.52133
2016-11-15 19:30:00,134.8237
2016-11-15 20:00:00,129.86691
2016-11-15 20:30:00,131.15012
2016-11-15 21:00:00,135.27103
2016-11-15 21:30:00,138.40637
2016-11-15 22:00:00,192.25092
2016-11-15 22:30:00,433.36118
2016-11-15 23:00:00,415.21985
2016-11-15 23:30:00,426.59082
2016-11-16 00:00:00,490.14642
2016-11-16 00:30:00,477.85287
2016-11-16 01:00:00,468.21405
2016-11-16 01:30:00,468.21405
2016-11-16 02:00:00,359.68842
2016-11-16 02:30:00,143.47289
2016-11-16 03:00:00,65.24529
2016-11-16 03:30:00,65.24529
2016-11-16 04:00:00,59.738136
2016-11-16 04:30:00,75.672714
2016-11-16 05:00:00,146.10449
2016-11-16 05:30:00,39.837772
2016-11-16 06:00:00,66.51989
2016-11-16 06:30:00,87.20717
2016-11-16 07:00:00,37.124462
2016-11-16 07:30:00,37.124462
2016-11-16 08:00:00,174.21333
2016-11-16 08:30:00,282.95532
2016-11-16 09:00:00,82.47167
2016-11-16 09:30:00,98.40624
2016-11-16 10:00:00,121.21085
2016-11-16 10:30:00,121.21085
2016-11-16 11:00:00,137.89014
2016-11-16 11:30:00,174.4899
2016-11-16 12:00:00,208.03537
2016-11-16 12:30:00,207.49788
2016-11-16 13:00:00,195.83376
2016-11-16 13:30:00,156.3002
2016-11-16 14:00:00,348.29596
2016-11-16 14:30:00,169.43538
2016-11-16 15:00:00,190.30566
2016-11-16 15:30:00,176.52301
2016-11-16 16:00:00,394.3892
2016-11-16 16:30:00,406.94437
2016-11-16 17:00:00,416.7338
2016-11-16 17:30:00,261.514
2016-11-16 18:00:00,203.85115
2016-11-16 18:30:00,191.76955
2016-11-16 19:00:00,338.82632
2016-11-16 19:30:00,303.3155
2016-11-16 20:00:00,174.06357
2016-11-16 20:30:00,169.93109
2016-11-16 21:00:00,241.90564
2016-11-16 21:30:00,468.49808
2016-11-16 22:00:00,306.54538
2016-11-16 22:30:00,596.8034
2016-11-16 23:00:00,552.91614
2016-11-16 23:30:00,568.89514
2016-11-17 00:00:00,518.51953
2016-11-17 00:30:00,518.51953
2016-11-17 01:00:00,467.2731
2016-11-17 01:30:00,467.2731
2016-11-17 02:00:00,407.03452
2016-11-17 02:30:00,176.41673
2016-11-17 03:00:00,58.606983
2016-11-17 03:30:00,58.606983
2016-11-17 04:00:00,49.812286
2016-11-17 04:30:00,49.812286
2016-11-17 05:00:00,97.079544
2016-11-17 05:30:00,70.40316
2016-11-17 06:00:00,57.207684
2016-11-17 06:30:00,61.799942
2016-11-17 07:00:00,82.37687
2016-11-17 07:30:00,71.795494
2016-11-17 08:00:00,206.9264
2016-11-17 08:30:00,206.9264
2016-11-17 09:00:00,124.82482
2016-11-17 09:30:00,124.82482
2016-11-17 10:00:00,163.68388
2016-11-17 10:30:00,159.79367
2016-11-17 11:00:00,158.8819
2016-11-17 11:30:00,159.89258
2016-11-17 12:00:00,267.24655
2016-11-17 12:30:00,303.1355
2016-11-17 13:00:00,437.77603
2016-11-17 13:30:00,400.0311
2016-11-17 14:00:00,483.98538
2016-11-17 14:30:00,557.4362
2016-11-17 15:00:00,529.8058
2016-11-17 15:30:00,397.4082
2016-11-17 16:00:00,616.3965
2016-11-17 16:30:00,606.7374
2016-11-17 17:00:00,522.3856
2016-11-17 17:30:00,488.00232
2016-11-17 18:00:00,485.97598
2016-11-17 18:30:00,422.11288
2016-11-17 19:00:00,177.6377
2016-11-17 19:30:00,140.50694
2016-11-17 20:00:00,121.43052
2016-11-17 20:30:00,154.43248
2016-11-17 21:00:00,186.9765
2016-11-17 21:30:00,150.8392
2016-11-17 22:00:00,210.30884
2016-11-17 22:30:00,180.953
2016-11-17 23:00:00,184.00835
2016-11-17 23:30:00,194.97356
2016-11-18 00:00:00,178.72601
2016-11-18 00:30:00,141.9988
2016-11-18 01:00:00,101.46935
2016-11-18 01:30:00,117.97944
2016-11-18 02:00:00,385.50085
2016-11-18 02:30:00,375.85046
2016-11-18 03:00:00,410.78165
2016-11-18 03:30:00,413.71417
2016-11-18 04:00:00,414.45007
2016-11-18 04:30:00,414.45007
2016-11-18 05:00:00,389.64508
2016-11-18 05:30:00,389.64508
2016-11-18 06:00:00,51.31245
2016-11-18 06:30:00,81.95647
2016-11-18 07:00:00,73.41078
2016-11-18 07:30:00,79.94216
2016-11-18 08:00:00,197.2437
2016-11-18 08:30:00,197.2437
2016-11-18 09:00:00,122.98101
2016-11-18 09:30:00,122.98101
2016-11-18 10:00:00,137.10431
2016-11-18 10:30:00,138.11496
2016-11-18 11:00:00,172.35391
2016-11-18 11:30:00,119.548195
2016-11-18 12:00:00,255.46964
2016-11-18 12:30:00,361.51196
2016-11-18 13:00:00,498.33563
2016-11-18 13:30:00,577.91895
2016-11-18 14:00:00,572.26434
2016-11-18 14:30:00,641.24786
2016-11-18 15:00:00,702.9012
2016-11-18 15:30:00,759.9882
2016-11-18 16:00:00,697.09973
2016-11-18 16:30:00,683.3303
2016-11-18 17:00:00,667.1706
2016-11-18 17:30:00,627.056
2016-11-18 18:00:00,499.926
2016-11-18 18:30:00,370.2538
2016-11-18 19:00:00,129.70833
2016-11-18 19:30:00,104.67243
2016-11-18 20:00:00,115.44181
2016-11-18 20:30:00,137.18532
2016-11-18 21:00:00,123.02507
2016-11-18 21:30:00,160.1455
2016-11-18 22:00:00,384.20428
2016-11-18 22:30:00,293.34906
2016-11-18 23:00:00,393.4521
2016-11-18 23:30:00,559.69214
2016-11-19 00:00:00,511.95966
2016-11-19 00:30:00,550.22784
2016-11-19 01:00:00,337.356
2016-11-19 01:30:00,247.86696
2016-11-19 02:00:00,443.00375
2016-11-19 02:30:00,415.09723
2016-11-19 03:00:00,113.959595
2016-11-19 03:30:00,69.54414
2016-11-19 04:00:00,77.669815
2016-11-19 04:30:00,71.6807
2016-11-19 05:00:00,70.396324
2016-11-19 05:30:00,70.396324
2016-11-19 06:00:00,73.82478
2016-11-19 06:30:00,73.82478
2016-11-19 07:00:00,60.389133
2016-11-19 07:30:00,60.389133
2016-11-19 08:00:00,92.54171
2016-11-19 08:30:00,92.54171
2016-11-19 09:00:00,83.51295
2016-11-19 09:30:00,83.51295
2016-11-19 10:00:00,113.285164
2016-11-19 10:30:00,117.17536
2016-11-19 11:00:00,201.63455
2016-11-19 11:30:00,176.7269
2016-11-19 12:00:00,207.8928
2016-11-19 12:30:00,379.00742
2016-11-19 13:00:00,341.5618
2016-11-19 13:30:00,431.55817
2016-11-19 14:00:00,561.06116
2016-11-19 14:30:00,534.6952
2016-11-19 15:00:00,608.7803
2016-11-19 15:30:00,632.9852
2016-11-19 16:00:00,671.4144
2016-11-19 16:30:00,658.791
2016-11-19 17:00:00,609.5593
2016-11-19 17:30:00,575.12024
2016-11-19 18:00:00,468.98254
2016-11-19 18:30:00,321.4935
2016-11-19 19:00:00,169.52226
2016-11-19 19:30:00,131.33739
2016-11-19 20:00:00,114.25016
2016-11-19 20:30:00,114.25016
2016-11-19 21:00:00,125.90916
2016-11-19 21:30:00,125.90916
2016-11-19 22:00:00,150.00642
2016-11-19 22:30:00,150.12161
2016-11-19 23:00:00,182.14142
2016-11-19 23:30:00,170.43353
2016-11-20 00:00:00,219.23865
2016-11-20 00:30:00,122.84403
2016-11-20 01:00:00,98.15074
2016-11-20 01:30:00,100.548645
2016-11-20 02:00:00,62.481094
2016-11-20 02:30:00,60.08319
2016-11-20 03:00:00,32.972866
2016-11-20 03:30:00,32.972866
2016-11-20 04:00:00,35.847137
2016-11-20 04:30:00,35.847137
2016-11-20 05:00:00,55.70886
2016-11-20 05:30:00,39.774258
2016-11-20 06:00:00,60.17035
2016-11-20 06:30:00,76.10491
2016-11-20 07:00:00,32.426056
2016-11-20 07:30:00,32.426056
2016-11-20 08:00:00,85.70388
2016-11-20 08:30:00,69.769295
2016-11-20 09:00:00,220.57663
2016-11-20 09:30:00,220.57663
2016-11-20 10:00:00,126.65185
2016-11-20 10:30:00,128.61502
2016-11-20 11:00:00,144.55405
2016-11-20 11:30:00,144.55405
2016-11-20 12:00:00,141.55775
2016-11-20 12:30:00,145.44797
2016-11-20 13:00:00,177.74657
2016-11-20 13:30:00,185.5179
2016-11-20 14:00:00,199.7668
2016-11-20 14:30:00,182.29636
2016-11-20 15:00:00,133.02782
2016-11-20 15:30:00,161.02333
2016-11-20 16:00:00,434.92297
2016-11-20 16:30:00,663.02716
2016-11-20 17:00:00,658.5441
2016-11-20 17:30:00,345.3963
2016-11-20 18:00:00,214.00496
2016-11-20 18:30:00,202.84322
2016-11-20 19:00:00,128.35738
2016-11-20 19:30:00,114.23175
2016-11-20 20:00:00,110.73775
2016-11-20 20:30:00,112.71036
2016-11-20 21:00:00,152.32379
2016-11-20 21:30:00,182.22885
2016-11-20 22:00:00,115.68019
2016-11-20 22:30:00,102.12835
2016-11-20 23:00:00,149.28383
2016-11-20 23:30:00,149.28383
2016-11-21 00:00:00,137.85161
2016-11-21 00:30:00,135.3005
2016-11-21 01:00:00,139.90527
2016-11-21 01:30:00,139.90527
2016-11-21 02:00:00,80.17724
2016-11-21 02:30:00,80.17724
2016-11-21 03:00:00,54.336887
2016-11-21 03:30:00,54.336887
2016-11-21 04:00:00,59.26041
2016-11-21 04:30:00,59.26041
2016-11-21 05:00:00,55.23023
2016-11-21 05:30:00,55.23023
2016-11-21 06:00:00,102.67103
2016-11-21 06:30:00,102.67103
2016-11-21 07:00:00,64.32442
2016-11-21 07:30:00,64.32442
2016-11-21 08:00:00,180.80418
2016-11-21 08:30:00,180.80418
2016-11-21 09:00:00,114.24977
2016-11-21 09:30:00,114.24977
2016-11-21 10:00:00,115.66204
2016-11-21 10:30:00,108.63654
2016-11-21 11:00:00,150.16768
2016-11-21 11:30:00,150.16768
2016-11-21 12:00:00,173.54892
2016-11-21 12:30:00,232.54465
2016-11-21 13:00:00,203.85155
2016-11-21 13:30:00,134.02982
2016-11-21 14:00:00,253.07475
2016-11-21 14:30:00,311.24258
2016-11-21 15:00:00,324.5447
2016-11-21 15:30:00,307.05392
2016-11-21 16:00:00,354.8727
2016-11-21 16:30:00,310.95145
2016-11-21 17:00:00,317.97958
2016-11-21 17:30:00,339.9451
2016-11-21 18:00:00,405.22485
2016-11-21 18:30:00,309.2062
2016-11-21 19:00:00,313.19183
2016-11-21 19:30:00,344.4309
2016-11-21 20:00:00,206.92258
2016-11-21 20:30:00,175.58812
2016-11-21 21:00:00,155.26128
2016-11-21 21:30:00,170.34053
2016-11-21 22:00:00,184.19768
2016-11-21 22:30:00,390.85593
2016-11-21 23:00:00,581.5385
2016-11-21 23:30:00,643.3785
2016-11-22 00:00:00,543.97864
2016-11-22 00:30:00,524.48914
2016-11-22 01:00:00,427.97437
2016-11-22 01:30:00,427.97437
2016-11-22 02:00:00,405.83127
2016-11-22 02:30:00,122.26481
2016-11-22 03:00:00,81.26615
2016-11-22 03:30:00,86.84433
2016-11-22 04:00:00,84.884964
2016-11-22 04:30:00,98.63569
2016-11-22 05:00:00,68.39255
2016-11-22 05:30:00,73.970726
2016-11-22 06:00:00,87.752495
2016-11-22 06:30:00,87.752495
2016-11-22 07:00:00,67.15638
2016-11-22 07:30:00,67.15638
2016-11-22 08:00:00,183.56621
2016-11-22 08:30:00,183.56621
2016-11-22 09:00:00,115.09155
2016-11-22 09:30:00,115.09155
2016-11-22 10:00:00,139.72792
2016-11-22 10:30:00,133.713
2016-11-22 11:00:00,134.2024
2016-11-22 11:30:00,138.09262
2016-11-22 12:00:00,175.38565
2016-11-22 12:30:00,315.48108
2016-11-22 13:00:00,490.31174
2016-11-22 13:30:00,577.49884
2016-11-22 14:00:00,626.4803
2016-11-22 14:30:00,585.93665
2016-11-22 15:00:00,546.16833
2016-11-22 15:30:00,399.26276
2016-11-22 16:00:00,755.4324
2016-11-22 16:30:00,760.69543
2016-11-22 17:00:00,647.4242
2016-11-22 17:30:00,398.49542
2016-11-22 18:00:00,490.48712
2016-11-22 18:30:00,463.49304
2016-11-22 19:00:00,142.6926
2016-11-22 19:30:00,195.69212
2016-11-22 20:00:00,147.64545
2016-11-22 20:30:00,150.52498
2016-11-22 21:00:00,164.18451
2016-11-22 21:30:00,175.37778
2016-11-22 22:00:00,217.81717
2016-11-22 22:30:00,312.11102
2016-11-22 23:00:00,563.24036
2016-11-22 23:30:00,585.9399
2016-11-23 00:00:00,624.15344
2016-11-23 00:30:00,632.87354
2016-11-23 01:00:00,436.31204
2016-11-23 01:30:00,466.4512
2016-11-23 02:00:00,460.01184
2016-11-23 02:30:00,224.0423
2016-11-23 03:00:00,116.62042
2016-11-23 03:30:00,111.042244
2016-11-23 04:00:00,147.59761
2016-11-23 04:30:00,147.59761
2016-11-23 05:00:00,148.3533
2016-11-23 05:30:00,148.3533
2016-11-23 06:00:00,106.24089
2016-11-23 06:30:00,106.24089
2016-11-23 07:00:00,105.54009
2016-11-23 07:30:00,105.54009
2016-11-23 08:00:00,221.9897
2016-11-23 08:30:00,221.9897
2016-11-23 09:00:00,163.90656
2016-11-23 09:30:00,166.8379
2016-11-23 10:00:00,174.45493
2016-11-23 10:30:00,199.36263
2016-11-23 11:00:00,175.90009
2016-11-23 11:30:00,204.8352
2016-11-23 12:00:00,194.15356
2016-11-23 12:30:00,384.05032
2016-11-23 13:00:00,477.51318
2016-11-23 13:30:00,566.8147
2016-11-23 14:00:00,687.00037
2016-11-23 14:30:00,713.28906
2016-11-23 15:00:00,745.96564
2016-11-23 15:30:00,867.5272
2016-11-23 16:00:00,827.4883
2016-11-23 16:30:00,815.7061
2016-11-23 17:00:00,811.2089
2016-11-23 17:30:00,751.2621
2016-11-23 18:00:00,663.33167
2016-11-23 18:30:00,427.9996
2016-11-23 19:00:00,233.89172
2016-11-23 19:30:00,173.10178
2016-11-23 20:00:00,172.02509
2016-11-23 20:30:00,163.9778
2016-11-23 21:00:00,182.56381
2016-11-23 21:30:00,182.56381
2016-11-23 22:00:00,484.46722
2016-11-23 22:30:00,589.262
2016-11-23 23:00:00,603.82306
2016-11-23 23:30:00,626.5512
2016-11-24 00:00:00,543.2722
2016-11-24 00:30:00,543.2722
2016-11-24 01:00:00,439.73636
2016-11-24 01:30:00,443.13257
2016-11-24 02:00:00,260.95892
2016-11-24 02:30:00,122.824036
2016-11-24 03:00:00,78.06089
2016-11-24 03:30:00,78.06089
2016-11-24 04:00:00,81.50696
2016-11-24 04:30:00,81.50696
2016-11-24 05:00:00,123.98845
2016-11-24 05:30:00,123.98845
2016-11-24 06:00:00,131.37251
2016-11-24 06:30:00,131.37251
2016-11-24 07:00:00,127.04374
2016-11-24 07:30:00,127.04374
2016-11-24 08:00:00,238.69777
2016-11-24 08:30:00,238.69777
2016-11-24 09:00:00,167.94427
2016-11-24 09:30:00,168.07985
2016-11-24 10:00:00,164.00835
2016-11-24 10:30:00,164.00835
2016-11-24 11:00:00,184.99477
2016-11-24 11:30:00,192.02032
2016-11-24 12:00:00,215.18256
2016-11-24 12:30:00,248.32663
2016-11-24 13:00:00,213.57344
2016-11-24 13:30:00,169.88202
2016-11-24 14:00:00,316.23138
2016-11-24 14:30:00,287.38507
2016-11-24 15:00:00,178.30258
2016-11-24 15:30:00,241.34332
2016-11-24 16:00:00,219.00772
2016-11-24 16:30:00,205.22507
2016-11-24 17:00:00,193.9666
2016-11-24 17:30:00,203.91101
2016-11-24 18:00:00,138.66754
2016-11-24 18:30:00,138.66754
2016-11-24 19:00:00,179.10957
2016-11-24 19:30:00,160.32828
2016-11-24 20:00:00,147.74533
2016-11-24 20:30:00,147.74533
2016-11-24 21:00:00,197.64754
2016-11-24 21:30:00,171.76965
2016-11-24 22:00:00,202.7106
2016-11-24 22:30:00,202.7106
2016-11-24 23:00:00,108.0812
2016-11-24 23:30:00,135.40878
2016-11-25 00:00:00,117.6646
2016-11-25 00:30:00,117.6646
2016-11-25 01:00:00,106.35355
2016-11-25 01:30:00,106.35355
2016-11-25 02:00:00,72.71597
2016-11-25 02:30:00,42.961407
2016-11-25 03:00:00,72.70982
2016-11-25 03:30:00,77.60932
2016-11-25 04:00:00,67.207375
2016-11-25 04:30:00,82.53345
2016-11-25 05:00:00,92.872696
2016-11-25 05:30:00,98.86181
2016-11-25 06:00:00,117.43091
2016-11-25 06:30:00,117.43091
2016-11-25 07:00:00,107.26179
2016-11-25 07:30:00,104.33043
2016-11-25 08:00:00,181.13174
2016-11-25 08:30:00,181.13174
2016-11-25 09:00:00,169.55006
2016-11-25 09:30:00,179.53386
2016-11-25 10:00:00,175.60944
2016-11-25 10:30:00,175.74501
2016-11-25 11:00:00,184.72794
2016-11-25 11:30:00,184.72794
2016-11-25 12:00:00,151.70334
2016-11-25 12:30:00,163.4432
2016-11-25 13:00:00,169.72156
2016-11-25 13:30:00,148.75948
2016-11-25 14:00:00,203.95111
2016-11-25 14:30:00,203.95111
2016-11-25 15:00:00,141.46307
2016-11-25 15:30:00,179.33278
2016-11-25 16:00:00,132.57999
2016-11-25 16:30:00,167.91399
2016-11-25 17:00:00,235.91
2016-11-25 17:30:00,224.66455
2016-11-25 18:00:00,134.05511
2016-11-25 18:30:00,147.22977
2016-11-25 19:00:00,151.59859
2016-11-25 19:30:00,125.68846
2016-11-25 20:00:00,86.72131
2016-11-25 20:30:00,101.60562
2016-11-25 21:00:00,92.49647
2016-11-25 21:30:00,143.45726
2016-11-25 22:00:00,314.7863
2016-11-25 22:30:00,330.33353
2016-11-25 23:00:00,239.69342
2016-11-25 23:30:00,259.44962
2016-11-26 00:00:00,150.24722
2016-11-26 00:30:00,180.5977
2016-11-26 01:00:00,121.35002
2016-11-26 01:30:00,121.35002
2016-11-26 02:00:00,182.30981
2016-11-26 02:30:00,187.29956
2016-11-26 03:00:00,103.197685
2016-11-26 03:30:00,76.21407
2016-11-26 04:00:00,97.61979
2016-11-26 04:30:00,81.6852
2016-11-26 05:00:00,89.55215
2016-11-26 05:30:00,89.55215
2016-11-26 06:00:00,100.20631
2016-11-26 06:30:00,97.495026
2016-11-26 07:00:00,98.2546
2016-11-26 07:30:00,92.26548
2016-11-26 08:00:00,102.29069
2016-11-26 08:30:00,95.07905
2016-11-26 09:00:00,140.6248
2016-11-26 09:30:00,153.81364
2016-11-26 10:00:00,119.19168
2016-11-26 10:30:00,119.19168
2016-11-26 11:00:00,119.91136
2016-11-26 11:30:00,119.91136
2016-11-26 12:00:00,195.32144
2016-11-26 12:30:00,182.13261
2016-11-26 13:00:00,177.32391
2016-11-26 13:30:00,167.76366
2016-11-26 14:00:00,121.4431
2016-11-26 14:30:00,148.87376
2016-11-26 15:00:00,126.91725
2016-11-26 15:30:00,126.91725
2016-11-26 16:00:00,220.00613
2016-11-26 16:30:00,249.7527
2016-11-26 17:00:00,184.20659
2016-11-26 17:30:00,176.21109
2016-11-26 18:00:00,216.59007
2016-11-26 18:30:00,216.59007
2016-11-26 19:00:00,180.28615
2016-11-26 19:30:00,132.75848
2016-11-26 20:00:00,142.0188
2016-11-26 20:30:00,142.0188
2016-11-26 21:00:00,136.27826
2016-11-26 21:30:00,171.6597
2016-11-26 22:00:00,553.1625
2016-11-26 22:30:00,553.1625
2016-11-26 23:00:00,538.41943
2016-11-26 23:30:00,232.65564
2016-11-27 00:00:00,186.72337
2016-11-27 00:30:00,120.260704
2016-11-27 01:00:00,100.136734
2016-11-27 01:30:00,92.84268
2016-11-27 02:00:00,81.86566
2016-11-27 02:30:00,58.640816
2016-11-27 03:00:00,60.3098
2016-11-27 03:30:00,76.244385
2016-11-27 04:00:00,70.26638
2016-11-27 04:30:00,54.33181
2016-11-27 05:00:00,75.326294
2016-11-27 05:30:00,75.326294
2016-11-27 06:00:00,68.71697
2016-11-27 06:30:00,71.90462
2016-11-27 07:00:00,103.61838
2016-11-27 07:30:00,109.19656
2016-11-27 08:00:00,102.88909
2016-11-27 08:30:00,102.88909
2016-11-27 09:00:00,84.21157
2016-11-27 09:30:00,83.80064
2016-11-27 10:00:00,114.99547
2016-11-27 10:30:00,118.88567
2016-11-27 11:00:00,188.80055
2016-11-27 11:30:00,188.80055
2016-11-27 12:00:00,240.58006
2016-11-27 12:30:00,365.9624
2016-11-27 13:00:00,540.6697
2016-11-27 13:30:00,540.6697
2016-11-27 14:00:00,581.49
2016-11-27 14:30:00,368.8291
2016-11-27 15:00:00,314.23367
2016-11-27 15:30:00,302.01392
2016-11-27 16:00:00,280.1953
2016-11-27 16:30:00,424.45258
2016-11-27 17:00:00,315.27185
2016-11-27 17:30:00,223.1158
2016-11-27 18:00:00,216.31343
2016-11-27 18:30:00,220.04144
2016-11-27 19:00:00,172.60297
2016-11-27 19:30:00,188.56229
2016-11-27 20:00:00,152.43745
2016-11-27 20:30:00,152.43745
2016-11-27 21:00:00,184.46397
2016-11-27 21:30:00,179.02379
2016-11-27 22:00:00,201.14949
2016-11-27 22:30:00,201.14949
2016-11-27 23:00:00,166.96431
2016-11-27 23:30:00,166.96431
2016-11-28 00:00:00,124.35303
2016-11-28 00:30:00,124.35303
2016-11-28 01:00:00,104.76755
2016-11-28 01:30:00,104.76755
2016-11-28 02:00:00,97.04809
2016-11-28 02:30:00,88.46829
2016-11-28 03:00:00,116.80324
2016-11-28 03:30:00,116.80324
2016-11-28 04:00:00,115.90221
2016-11-28 04:30:00,78.93729
2016-11-28 05:00:00,81.73609
2016-11-28 05:30:00,76.15791
2016-11-28 06:00:00,86.74035
2016-11-28 06:30:00,86.74035
2016-11-28 07:00:00,79.38973
2016-11-28 07:30:00,84.96791
2016-11-28 08:00:00,230.6979
2016-11-28 08:30:00,197.88155
2016-11-28 09:00:00,187.13538
2016-11-28 09:30:00,190.06673
2016-11-28 10:00:00,167.73683
2016-11-28 10:30:00,167.73683
2016-11-28 11:00:00,165.98543
2016-11-28 11:30:00,182.8375
2016-11-28 12:00:00,191.20709
2016-11-28 12:30:00,345.39355
2016-11-28 13:00:00,391.5589
2016-11-28 13:30:00,498.1981
2016-11-28 14:00:00,570.38635
2016-11-28 14:30:00,669.0022
2016-11-28 15:00:00,623.8149
2016-11-28 15:30:00,703.11334
2016-11-28 16:00:00,693.7653
2016-11-28 16:30:00,707.43854
2016-11-28 17:00:00,638.2979
2016-11-28 17:30:00,647.64667
2016-11-28 18:00:00,462.89966
2016-11-28 18:30:00,351.1942
2016-11-28 19:00:00,208.27386
2016-11-28 19:30:00,197.09422
2016-11-28 20:00:00,177.28502
2016-11-28 20:30:00,164.54839
2016-11-28 21:00:00,229.25356
2016-11-28 21:30:00,241.9902
2016-11-28 22:00:00,311.1734
2016-11-28 22:30:00,320.16336
2016-11-28 23:00:00,210.18282
2016-11-28 23:30:00,270.54895
2016-11-29 00:00:00,167.23645
2016-11-29 00:30:00,142.45834
2016-11-29 01:00:00,137.28197
2016-11-29 01:30:00,122.729485
2016-11-29 02:00:00,154.4562
2016-11-29 02:30:00,107.45663
2016-11-29 03:00:00,89.15994
2016-11-29 03:30:00,89.15994
2016-11-29 04:00:00,95.010155
2016-11-29 04:30:00,97.94151
2016-11-29 05:00:00,95.39627
2016-11-29 05:30:00,89.81809
2016-11-29 06:00:00,90.59907
2016-11-29 06:30:00,99.47326
2016-11-29 07:00:00,88.83299
2016-11-29 07:30:00,105.93154
2016-11-29 08:00:00,233.70268
2016-11-29 08:30:00,233.70268
2016-11-29 09:00:00,135.11145
2016-11-29 09:30:00,157.6339
2016-11-29 10:00:00,138.16805
2016-11-29 10:30:00,138.30362
2016-11-29 11:00:00,195.00525
2016-11-29 11:30:00,233.41617
2016-11-29 12:00:00,234.50557
2016-11-29 12:30:00,378.84027
2016-11-29 13:00:00,374.85977
2016-11-29 13:30:00,176.71448
2016-11-29 14:00:00,138.78386
2016-11-29 14:30:00,120.040634
2016-11-29 15:00:00,146.03236
2016-11-29 15:30:00,297.1318
2016-11-29 16:00:00,308.03772
2016-11-29 16:30:00,186.73116
2016-11-29 17:00:00,149.58966
2016-11-29 17:30:00,157.361
2016-11-29 18:00:00,144.4491
2016-11-29 18:30:00,400.91464
2016-11-29 19:00:00,383.1199
2016-11-29 19:30:00,386.55286
2016-11-29 20:00:00,390.52396
2016-11-29 20:30:00,390.52396
2016-11-29 21:00:00,453.9725
2016-11-29 21:30:00,453.9725
2016-11-29 22:00:00,471.45294
2016-11-29 22:30:00,203.15225
2016-11-29 23:00:00,194.8386
2016-11-29 23:30:00,183.99376
2016-11-30 00:00:00,89.028595
2016-11-30 00:30:00,96.091194
2016-11-30 01:00:00,229.57283
2016-11-30 01:30:00,187.59502
2016-11-30 02:00:00,76.50793
2016-11-30 02:30:00,70.8595
2016-11-30 03:00:00,27.575453
2016-11-30 03:30:00,27.575453
2016-11-30 04:00:00,80.39155
2016-11-30 04:30:00,64.45694
2016-11-30 05:00:00,75.7084
2016-11-30 05:30:00,75.7084
2016-11-30 06:00:00,77.13262
2016-11-30 06:30:00,77.13262
2016-11-30 07:00:00,125.1827
2016-11-30 07:30:00,109.2481
2016-11-30 08:00:00,240.97115
2016-11-30 08:30:00,240.97115
2016-11-30 09:00:00,157.20619
2016-11-30 09:30:00,157.20619
2016-11-30 10:00:00,154.21715
2016-11-30 10:30:00,154.21715
2016-11-30 11:00:00,113.39312
2016-11-30 11:30:00,239.91188
2016-11-30 12:00:00,187.39238
2016-11-30 12:30:00,159.17026
2016-11-30 13:00:00,234.05833
2016-11-30 13:30:00,163.12674
2016-11-30 14:00:00,89.73227
2016-11-30 14:30:00,89.73227
2016-11-30 15:00:00,24.374306
2016-11-30 15:30:00,24.374306
2016-11-30 16:00:00,144.78612
2016-11-30 16:30:00,133.67137
2016-11-30 17:00:00,175.84258
2016-11-30 17:30:00,171.95236
2016-11-30 18:00:00,157.89772
2016-11-30 18:30:00,154.76237
2016-11-30 19:00:00,158.56882
2016-11-30 19:30:00,173.5738
2016-11-30 20:00:00,323.66196
2016-11-30 20:30:00,368.61313
2016-11-30 21:00:00,467.19043
2016-11-30 21:30:00,482.55685
2016-11-30 22:00:00,475.5896
2016-11-30 22:30:00,472.1934
2016-11-30 23:00:00,483.70203
2016-11-30 23:30:00,483.70203
2016-12-01 00:00:00,206.83368
2016-12-01 00:30:00,132.35042
2016-12-01 01:00:00,95.46386
2016-12-01 01:30:00,108.1625
2016-12-01 02:00:00,59.216896
2016-12-01 02:30:00,59.216896
2016-12-01 03:00:00,86.383354
2016-12-01 03:30:00,59.244106
2016-12-01 04:00:00,36.500565
2016-12-01 04:30:00,52.43516
2016-12-01 05:00:00,37.223488
2016-12-01 05:30:00,37.223488
2016-12-01 06:00:00,69.18133
2016-12-01 06:30:00,90.33149
2016-12-01 07:00:00,21.029558
2016-12-01 07:30:00,21.029558
2016-12-01 08:00:00,154.68457
2016-12-01 08:30:00,157.97131
2016-12-01 09:00:00,74.66834
2016-12-01 09:30:00,101.87113
2016-12-01 10:00:00,128.58734
2016-12-01 10:30:00,128.58734
2016-12-01 11:00:00,176.02423
2016-12-01 11:30:00,176.02423
2016-12-01 12:00:00,147.56651
2016-12-01 12:30:00,248.92271
2016-12-01 13:00:00,237.89735
2016-12-01 13:30:00,251.11432
2016-12-01 14:00:00,291.65387
2016-12-01 14:30:00,458.25613
2016-12-01 15:00:00,603.5281
2016-12-01 15:30:00,499.3272
2016-12-01 16:00:00,393.37924
2016-12-01 16:30:00,451.1359
2016-12-01 17:00:00,518.6883
2016-12-01 17:30:00,597.1139
2016-12-01 18:00:00,530.7958
2016-12-01 18:30:00,411.86337
2016-12-01 19:00:00,188.37837
2016-12-01 19:30:00,187.36772
2016-12-01 20:00:00,172.40146
2016-12-01 20:30:00,172.40146
2016-12-01 21:00:00,171.10074
2016-12-01 21:30:00,206.22969
2016-12-01 22:00:00,365.78476
2016-12-01 22:30:00,453.7339
2016-12-01 23:00:00,572.0427
2016-12-01 23:30:00,598.5531
2016-12-02 00:00:00,524.03625
2016-12-02 00:30:00,515.31604
2016-12-02 01:00:00,423.62308
2016-12-02 01:30:00,428.53516
2016-12-02 02:00:00,396.08496
2016-12-02 02:30:00,201.44463
2016-12-02 03:00:00,89.723526
2016-12-02 03:30:00,89.723526
2016-12-02 04:00:00,91.41138
2016-12-02 04:30:00,86.6587
2016-12-02 05:00:00,102.6175
2016-12-02 05:30:00,107.37017
2016-12-02 06:00:00,89.72231
2016-12-02 06:30:00,94.31457
2016-12-02 07:00:00,89.354355
2016-12-02 07:30:00,94.90452
2016-12-02 08:00:00,216.92389
2016-12-02 08:30:00,217.86285
2016-12-02 09:00:00,151.5931
2016-12-02 09:30:00,151.5931
2016-12-02 10:00:00,158.73566
2016-12-02 10:30:00,189.55014
2016-12-02 11:00:00,177.60521
2016-12-02 11:30:00,171.59032
2016-12-02 12:00:00,181.7337
2016-12-02 12:30:00,187.7486
2016-12-02 13:00:00,197.11284
2016-12-02 13:30:00,208.41792
2016-12-02 14:00:00,398.35785
2016-12-02 14:30:00,380.8325
2016-12-02 15:00:00,355.7467
2016-12-02 15:30:00,602.7605
2016-12-02 16:00:00,652.8721
2016-12-02 16:30:00,391.86703
2016-12-02 17:00:00,417.75354
2016-12-02 17:30:00,500.9074
2016-12-02 18:00:00,299.09393
2016-12-02 18:30:00,220.46149
2016-12-02 19:00:00,206.52333
2016-12-02 19:30:00,210.41353
2016-12-02 20:00:00,185.20003
2016-12-02 20:30:00,183.92163
2016-12-02 21:00:00,247.47256
2016-12-02 21:30:00,263.51553
2016-12-02 22:00:00,398.51877
2016-12-02 22:30:00,536.2562
2016-12-02 23:00:00,518.6272
2016-12-02 23:30:00,528.7877
2016-12-03 00:00:00,524.39484
2016-12-03 00:30:00,552.60455
2016-12-03 01:00:00,405.2957
2016-12-03 01:30:00,387.90958
2016-12-03 02:00:00,435.7841
2016-12-03 02:30:00,107.85987
2016-12-03 03:00:00,92.57346
2016-12-03 03:30:00,92.57346
2016-12-03 04:00:00,77.15572
2016-12-03 04:30:00,77.15572
2016-12-03 05:00:00,69.96427
2016-12-03 05:30:00,54.02971
2016-12-03 06:00:00,97.43958
2016-12-03 06:30:00,74.52196
2016-12-03 07:00:00,80.92244
2016-12-03 07:30:00,80.790276
2016-12-03 08:00:00,130.1709
2016-12-03 08:30:00,130.1709
2016-12-03 09:00:00,116.99586
2016-12-03 09:30:00,113.2371
2016-12-03 10:00:00,140.95012
2016-12-03 10:30:00,188.5635
2016-12-03 11:00:00,212.10027
2016-12-03 11:30:00,162.62024
2016-12-03 12:00:00,176.40067
2016-12-03 12:30:00,245.3761
2016-12-03 13:00:00,458.2192
2016-12-03 13:30:00,657.7004
2016-12-03 14:00:00,521.32263
2016-12-03 14:30:00,203.13377
2016-12-03 15:00:00,235.49632
2016-12-03 15:30:00,443.7667
2016-12-03 16:00:00,438.63712
2016-12-03 16:30:00,335.01685
2016-12-03 17:00:00,214.64119
2016-12-03 17:30:00,329.93216
2016-12-03 18:00:00,438.99503
2016-12-03 18:30:00,397.78928
2016-12-03 19:00:00,164.91174
2016-12-03 19:30:00,180.4893
2016-12-03 20:00:00,217.3468
2016-12-03 20:30:00,230.65082
2016-12-03 21:00:00,187.52367
2016-12-03 21:30:00,186.34906
2016-12-03 22:00:00,185.68819
2016-12-03 22:30:00,203.69609
2016-12-03 23:00:00,198.95728
2016-12-03 23:30:00,189.96732
2016-12-04 00:00:00,109.02226
2016-12-04 00:30:00,107.568665
2016-12-04 01:00:00,121.48734
2016-12-04 01:30:00,101.58861
2016-12-04 02:00:00,106.520164
2016-12-04 02:30:00,104.12228
2016-12-04 03:00:00,207.72069
2016-12-04 03:30:00,207.72069
2016-12-04 04:00:00,214.06354
2016-12-04 04:30:00,211.13219
2016-12-04 05:00:00,102.92075
2016-12-04 05:30:00,111.43029
2016-12-04 06:00:00,160.45776
2016-12-04 06:30:00,149.81964
2016-12-04 07:00:00,123.41003
2016-12-04 07:30:00,117.83184
2016-12-04 08:00:00,114.86349
2016-12-04 08:30:00,114.86349
2016-12-04 09:00:00,125.66189
2016-12-04 09:30:00,125.66189
2016-12-04 10:00:00,105.25153
2016-12-04 10:30:00,111.9579
2016-12-04 11:00:00,159.59691
2016-12-04 11:30:00,176.67596
2016-12-04 12:00:00,177.62537
2016-12-04 12:30:00,196.66501
2016-12-04 13:00:00,185.36182
2016-12-04 13:30:00,355.67926
2016-12-04 14:00:00,482.63217
2016-12-04 14:30:00,456.5613
2016-12-04 15:00:00,629.4917
2016-12-04 15:30:00,772.2405
2016-12-04 16:00:00,632.77185
2016-12-04 16:30:00,778.6314
2016-12-04 17:00:00,754.2976
2016-12-04 17:30:00,690.13226
2016-12-04 18:00:00,393.17178
2016-12-04 18:30:00,282.1391
2016-12-04 19:00:00,173.10738
2016-12-04 19:30:00,177.49611
2016-12-04 20:00:00,177.44374
2016-12-04 20:30:00,189.13162
2016-12-04 21:00:00,153.9766
2016-12-04 21:30:00,159.79759
2016-12-04 22:00:00,220.28
2016-12-04 22:30:00,211.29004
2016-12-04 23:00:00,303.64258
2016-12-04 23:30:00,271.82272
2016-12-05 00:00:00,185.78104
2016-12-05 00:30:00,177.87927
2016-12-05 01:00:00,130.05884
2016-12-05 01:30:00,130.05884
2016-12-05 02:00:00,117.20312
2016-12-05 02:30:00,117.20312
2016-12-05 03:00:00,110.363556
2016-12-05 03:30:00,110.49913
2016-12-05 04:00:00,113.862465
2016-12-05 04:30:00,113.862465
2016-12-05 05:00:00,113.21218
2016-12-05 05:30:00,113.21218
2016-12-05 06:00:00,112.91228
2016-12-05 06:30:00,112.7767
2016-12-05 07:00:00,115.53323
2016-12-05 07:30:00,115.53323
2016-12-05 08:00:00,207.63528
2016-12-05 08:30:00,208.0462
2016-12-05 09:00:00,136.34036
2016-12-05 09:30:00,136.34036
2016-12-05 10:00:00,134.5997
2016-12-05 10:30:00,131.72015
2016-12-05 11:00:00,123.755424
2016-12-05 11:30:00,113.70649
2016-12-05 12:00:00,157.30695
2016-12-05 12:30:00,153.55962
2016-12-05 13:00:00,196.27034
2016-12-05 13:30:00,143.71486
2016-12-05 14:00:00,156.02583
2016-12-05 14:30:00,149.09055
2016-12-05 15:00:00,137.75325
2016-12-05 15:30:00,156.49644
2016-12-05 16:00:00,113.898705
2016-12-05 16:30:00,111.01916
2016-12-05 17:00:00,151.29236
2016-12-05 17:30:00,151.29236
2016-12-05 18:00:00,140.64647
2016-12-05 18:30:00,344.39612
2016-12-05 19:00:00,191.29167
2016-12-05 19:30:00,191.91878
2016-12-05 20:00:00,175.69272
2016-12-05 20:30:00,182.73988
2016-12-05 21:00:00,173.91617
2016-12-05 21:30:00,175.18018
2016-12-05 22:00:00,522.8559
2016-12-05 22:30:00,612.02
2016-12-05 23:00:00,504.88696
2016-12-05 23:30:00,588.6324
2016-12-06 00:00:00,561.4456
2016-12-06 00:30:00,547.0271
2016-12-06 01:00:00,454.78275
2016-12-06 01:30:00,453.36444
2016-12-06 02:00:00,149.17609
2016-12-06 02:30:00,88.56039
2016-12-06 03:00:00,70.81591
2016-12-06 03:30:00,70.81591
2016-12-06 04:00:00,96.55855
2016-12-06 04:30:00,96.55855
2016-12-06 05:00:00,119.3314
2016-12-06 05:30:00,110.43341
2016-12-06 06:00:00,81.491234
2016-12-06 06:30:00,81.491234
2016-12-06 07:00:00,84.54957
2016-12-06 07:30:00,78.97139
2016-12-06 08:00:00,220.49124
2016-12-06 08:30:00,220.49124
2016-12-06 09:00:00,142.20949
2016-12-06 09:30:00,145.14084
2016-12-06 10:00:00,142.76463
2016-12-06 10:30:00,145.9
2016-12-06 11:00:00,180.68658
2016-12-06 11:30:00,183.61794
2016-12-06 12:00:00,171.00745
2016-12-06 12:30:00,265.7374
2016-12-06 13:00:00,406.28772
2016-12-06 13:30:00,473.60498
2016-12-06 14:00:00,545.70135
2016-12-06 14:30:00,506.549
2016-12-06 15:00:00,702.0174
2016-12-06 15:30:00,586.1558
2016-12-06 16:00:00,541.1949
2016-12-06 16:30:00,384.13254
2016-12-06 17:00:00,386.95245
2016-12-06 17:30:00,276.62384
2016-12-06 18:00:00,237.88333
2016-12-06 18:30:00,202.78586
2016-12-06 19:00:00,160.85254
2016-12-06 19:30:00,170.8156
2016-12-06 20:00:00,166.54779
2016-12-06 20:30:00,168.10481
2016-12-06 21:00:00,227.0955
2016-12-06 21:30:00,213.87662
2016-12-06 22:00:00,602.527
2016-12-06 22:30:00,613.8718
2016-12-06 23:00:00,608.68805
2016-12-06 23:30:00,654.77783
2016-12-07 00:00:00,513.1621
2016-12-07 00:30:00,513.44116
2016-12-07 01:00:00,466.3691
2016-12-07 01:30:00,468.34702
2016-12-07 02:00:00,407.47894
2016-12-07 02:30:00,79.78446
2016-12-07 03:00:00,89.6843
2016-12-07 03:30:00,89.6843
2016-12-07 04:00:00,95.250374
2016-12-07 04:30:00,95.250374
2016-12-07 05:00:00,67.56883
2016-12-07 05:30:00,69.46457
2016-12-07 06:00:00,97.53332
2016-12-07 06:30:00,97.53332
2016-12-07 07:00:00,86.098366
2016-12-07 07:30:00,80.520195
2016-12-07 08:00:00,225.4828
2016-12-07 08:30:00,225.07188
2016-12-07 09:00:00,162.07756
2016-12-07 09:30:00,162.07756
2016-12-07 10:00:00,162.09451
2016-12-07 10:30:00,162.09451
2016-12-07 11:00:00,88.30016
2016-12-07 11:30:00,88.30016
2016-12-07 12:00:00,159.4732
2016-12-07 12:30:00,159.4732
2016-12-07 13:00:00,115.76241
2016-12-07 13:30:00,99.22908
2016-12-07 14:00:00,162.66223
2016-12-07 14:30:00,107.1782
2016-12-07 15:00:00,184.63226
2016-12-07 15:30:00,184.63226
2016-12-07 16:00:00,152.58723
2016-12-07 16:30:00,153.13533
2016-12-07 17:00:00,203.73679
2016-12-07 17:30:00,258.92078
2016-12-07 18:00:00,463.74887
2016-12-07 18:30:00,463.74887
2016-12-07 19:00:00,369.48615
2016-12-07 19:30:00,279.19348
2016-12-07 20:00:00,171.50774
2016-12-07 20:30:00,171.50774
2016-12-07 21:00:00,239.78735
2016-12-07 21:30:00,301.0571
2016-12-07 22:00:00,283.6119
2016-12-07 22:30:00,300.71417
2016-12-07 23:00:00,248.68613
2016-12-07 23:30:00,266.3005
2016-12-08 00:00:00,139.96896
2016-12-08 00:30:00,144.21758
2016-12-08 01:00:00,169.02675
2016-12-08 01:30:00,161.72913
2016-12-08 02:00:00,116.74829
2016-12-08 02:30:00,113.65096
2016-12-08 03:00:00,94.26217
2016-12-08 03:30:00,94.26217
2016-12-08 04:00:00,77.851135
2016-12-08 04:30:00,77.851135
2016-12-08 05:00:00,84.57095
2016-12-08 05:30:00,84.57095
2016-12-08 06:00:00,68.47447
2016-12-08 06:30:00,71.794304
2016-12-08 07:00:00,78.29562
2016-12-08 07:30:00,78.29562
2016-12-08 08:00:00,224.01433
2016-12-08 08:30:00,224.01433
2016-12-08 09:00:00,146.46365
2016-12-08 09:30:00,146.46365
2016-12-08 10:00:00,149.2932
2016-12-08 10:30:00,156.31874
2016-12-08 11:00:00,161.98141
2016-12-08 11:30:00,197.94864
2016-12-08 12:00:00,236.30128
2016-12-08 12:30:00,236.92503
2016-12-08 13:00:00,331.07687
2016-12-08 13:30:00,203.13234
2016-12-08 14:00:00,158.28098
2016-12-08 14:30:00,158.28098
2016-12-08 15:00:00,117.05188
2016-12-08 15:30:00,127.57031
2016-12-08 16:00:00,319.27646
2016-12-08 16:30:00,263.87234
2016-12-08 17:00:00,249.69028
2016-12-08 17:30:00,249.53291
2016-12-08 18:00:00,191.42593
2016-12-08 18:30:00,167.47096
2016-12-08 19:00:00,183.39906
2016-12-08 19:30:00,183.39906
2016-12-08 20:00:00,204.10037
2016-12-08 20:30:00,204.10037
2016-12-08 21:00:00,223.18184
2016-12-08 21:30:00,243.33354
2016-12-08 22:00:00,220.44453
2016-12-08 22:30:00,232.36766
2016-12-08 23:00:00,219.32025
2016-12-08 23:30:00,232.62756
2016-12-09 00:00:00,202.1397
2016-12-09 00:30:00,211.13458
2016-12-09 01:00:00,150.5731
2016-12-09 01:30:00,157.27419
2016-12-09 02:00:00,123.86554
2016-12-09 02:30:00,111.7874
2016-12-09 03:00:00,87.034164
2016-12-09 03:30:00,440.40436
2016-12-09 04:00:00,433.28488
2016-12-09 04:30:00,419.7375
2016-12-09 05:00:00,379.0099
2016-12-09 05:30:00,379.0099
2016-12-09 06:00:00,326.08557
2016-12-09 06:30:00,326.08557
2016-12-09 07:00:00,81.16034
2016-12-09 07:30:00,74.101
2016-12-09 08:00:00,191.72443
2016-12-09 08:30:00,191.72443
2016-12-09 09:00:00,127.265915
2016-12-09 09:30:00,127.265915
2016-12-09 10:00:00,117.840775
2016-12-09 10:30:00,118.85144
2016-12-09 11:00:00,155.33405
2016-12-09 11:30:00,181.25235
2016-12-09 12:00:00,187.58606
2016-12-09 12:30:00,265.56866
2016-12-09 13:00:00,336.98557
2016-12-09 13:30:00,492.74036
2016-12-09 14:00:00,438.8958
2016-12-09 14:30:00,514.65466
2016-12-09 15:00:00,528.3957
2016-12-09 15:30:00,370.07028
2016-12-09 16:00:00,340.36407
2016-12-09 16:30:00,408.15494
2016-12-09 17:00:00,555.3876
2016-12-09 17:30:00,686.7115
2016-12-09 18:00:00,669.94763
2016-12-09 18:30:00,456.46854
2016-12-09 19:00:00,167.08319
2016-12-09 19:30:00,165.01448
2016-12-09 20:00:00,121.73065
2016-12-09 20:30:00,121.73065
2016-12-09 21:00:00,195.48196
2016-12-09 21:30:00,195.20636
2016-12-09 22:00:00,262.31888
2016-12-09 22:30:00,591.0224
2016-12-09 23:00:00,585.12335
2016-12-09 23:30:00,587.8942
2016-12-10 00:00:00,495.7308
2016-12-10 00:30:00,525.1052
2016-12-10 01:00:00,486.31833
2016-12-10 01:30:00,429.63544
2016-12-10 02:00:00,470.28415
2016-12-10 02:30:00,116.09716
2016-12-10 03:00:00,105.90211
2016-12-10 03:30:00,105.90211
2016-12-10 04:00:00,107.760376
2016-12-10 04:30:00,107.760376
2016-12-10 05:00:00,99.79385
2016-12-10 05:30:00,99.79385
2016-12-10 06:00:00,100.080605
2016-12-10 06:30:00,100.080605
2016-12-10 07:00:00,108.76631
2016-12-10 07:30:00,105.83495
2016-12-10 08:00:00,114.35934
2016-12-10 08:30:00,114.35934
2016-12-10 09:00:00,116.840096
2016-12-10 09:30:00,148.72874
2016-12-10 10:00:00,145.26129
2016-12-10 10:30:00,185.68236
2016-12-10 11:00:00,180.29153
2016-12-10 11:30:00,166.9875
2016-12-10 12:00:00,178.33559
2016-12-10 12:30:00,223.67354
2016-12-10 13:00:00,282.88483
2016-12-10 13:30:00,322.41025
2016-12-10 14:00:00,194.96843
2016-12-10 14:30:00,275.32336
2016-12-10 15:00:00,352.9945
2016-12-10 15:30:00,336.84363
2016-12-10 16:00:00,759.5862
2016-12-10 16:30:00,759.5862
2016-12-10 17:00:00,682.6466
2016-12-10 17:30:00,554.13434
2016-12-10 18:00:00,572.6738
2016-12-10 18:30:00,364.96628
2016-12-10 19:00:00,210.22687
2016-12-10 19:30:00,211.29291
2016-12-10 20:00:00,191.2647
2016-12-10 20:30:00,191.2647
2016-12-10 21:00:00,222.07228
2016-12-10 21:30:00,219.96893
2016-12-10 22:00:00,319.69055
2016-12-10 22:30:00,519.5151
2016-12-10 23:00:00,507.6291
2016-12-10 23:30:00,496.48526
2016-12-11 00:00:00,274.96664
2016-12-11 00:30:00,183.27849
2016-12-11 01:00:00,133.34364
2016-12-11 01:30:00,148.16298
2016-12-11 02:00:00,115.848915
2016-12-11 02:30:00,115.848915
2016-12-11 03:00:00,111.57944
2016-12-11 03:30:00,111.57944
2016-12-11 04:00:00,119.27282
2016-12-11 04:30:00,123.26909
2016-12-11 05:00:00,92.3144
2016-12-11 05:30:00,92.3144
2016-12-11 06:00:00,111.22619
2016-12-11 06:30:00,108.29483
2016-12-11 07:00:00,87.27567
2016-12-11 07:30:00,89.67358
2016-12-11 08:00:00,94.399025
2016-12-11 08:30:00,94.399025
2016-12-11 09:00:00,89.32026
2016-12-11 09:30:00,89.43546
2016-12-11 10:00:00,134.85841
2016-12-11 10:30:00,148.47462
2016-12-11 11:00:00,217.66095
2016-12-11 11:30:00,191.76266
2016-12-11 12:00:00,215.82886
2016-12-11 12:30:00,315.6449
2016-12-11 13:00:00,455.43286
2016-12-11 13:30:00,504.16125
2016-12-11 14:00:00,689.16864
2016-12-11 14:30:00,555.1365
2016-12-11 15:00:00,404.4928
2016-12-11 15:30:00,642.9468
2016-12-11 16:00:00,562.8947
2016-12-11 16:30:00,502.86932
2016-12-11 17:00:00,568.56836
2016-12-11 17:30:00,501.5976
2016-12-11 18:00:00,278.59314
2016-12-11 18:30:00,257.32468
2016-12-11 19:00:00,211.3573
2016-12-11 19:30:00,179.03302
2016-12-11 20:00:00,208.55026
2016-12-11 20:30:00,378.9338
2016-12-11 21:00:00,214.66289
2016-12-11 21:30:00,179.54509
2016-12-11 22:00:00,160.53343
2016-12-11 22:30:00,160.00182
2016-12-11 23:00:00,148.21431
2016-12-11 23:30:00,148.21431
2016-12-12 00:00:00,119.71651
2016-12-12 00:30:00,142.70105
2016-12-12 01:00:00,61.620544
2016-12-12 01:30:00,71.894325
2016-12-12 02:00:00,119.06544
2016-12-12 02:30:00,119.06544
2016-12-12 03:00:00,116.30833
2016-12-12 03:30:00,117.56864
2016-12-12 04:00:00,129.4815
2016-12-12 04:30:00,94.936714
2016-12-12 05:00:00,95.42243
2016-12-12 05:30:00,97.31815
2016-12-12 06:00:00,52.640514
2016-12-12 06:30:00,70.169075
2016-12-12 07:00:00,76.93099
2016-12-12 07:30:00,75.33701
2016-12-12 08:00:00,228.59532
2016-12-12 08:30:00,228.59532
2016-12-12 09:00:00,142.8888
2016-12-12 09:30:00,142.8888
2016-12-12 10:00:00,207.44334
2016-12-12 10:30:00,214.14322
2016-12-12 11:00:00,184.97874
2016-12-12 11:30:00,174.33919
2016-12-12 12:00:00,150.11185
2016-12-12 12:30:00,154.00206
2016-12-12 13:00:00,294.56235
2016-12-12 13:30:00,177.94038
2016-12-12 14:00:00,102.30665
2016-12-12 14:30:00,193.49696
2016-12-12 15:00:00,123.159096
2016-12-12 15:30:00,123.159096
2016-12-12 16:00:00,158.88339
2016-12-12 16:30:00,158.88339
2016-12-12 17:00:00,154.87465
2016-12-12 17:30:00,160.88954
2016-12-12 18:00:00,159.49037
2016-12-12 18:30:00,167.57336
2016-12-12 19:00:00,151.34642
2016-12-12 19:30:00,159.11775
2016-12-12 20:00:00,178.41132
2016-12-12 20:30:00,155.09853
2016-12-12 21:00:00,203.511
2016-12-12 21:30:00,183.502
2016-12-12 22:00:00,242.58018
2016-12-12 22:30:00,233.59023
2016-12-12 23:00:00,563.7442
2016-12-12 23:30:00,613.78033
2016-12-13 00:00:00,528.4633
2016-12-13 00:30:00,544.36237
2016-12-13 01:00:00,476.27817
2016-12-13 01:30:00,458.46344
2016-12-13 02:00:00,476.4211
2016-12-13 02:30:00,446.58633
2016-12-13 03:00:00,46.629528
2016-12-13 03:30:00,85.419205
2016-12-13 04:00:00,81.27414
2016-12-13 04:30:00,81.27414
2016-12-13 05:00:00,70.57718
2016-12-13 05:30:00,44.311756
2016-12-13 06:00:00,100.868515
2016-12-13 06:30:00,97.68087
2016-12-13 07:00:00,96.04999
2016-12-13 07:30:00,101.62817
2016-12-13 08:00:00,211.77861
2016-12-13 08:30:00,211.36769
2016-12-13 09:00:00,140.70677
2016-12-13 09:30:00,140.70677
2016-12-13 10:00:00,196.05481
2016-12-13 10:30:00,196.05481
2016-12-13 11:00:00,155.78337
2016-12-13 11:30:00,151.89316
2016-12-13 12:00:00,182.94144
2016-12-13 12:30:00,202.99176
2016-12-13 13:00:00,446.828
2016-12-13 13:30:00,577.5775
2016-12-13 14:00:00,469.96658
2016-12-13 14:30:00,571.08374
2016-12-13 15:00:00,745.43616
2016-12-13 15:30:00,806.53705
2016-12-13 16:00:00,694.7944
2016-12-13 16:30:00,678.2936
2016-12-13 17:00:00,542.2952
2016-12-13 17:30:00,483.40628
2016-12-13 18:00:00,359.31357
2016-12-13 18:30:00,289.8305
2016-12-13 19:00:00,232.55319
2016-12-13 19:30:00,215.15207
2016-12-13 20:00:00,243.1776
2016-12-13 20:30:00,210.83649
2016-12-13 21:00:00,208.4311
2016-12-13 21:30:00,219.5179
2016-12-13 22:00:00,251.8703
2016-12-13 22:30:00,267.50974
2016-12-13 23:00:00,171.12527
2016-12-13 23:30:00,224.44363
2016-12-14 00:00:00,186.01506
2016-12-14 00:30:00,178.49246
2016-12-14 01:00:00,130.77594
2016-12-14 01:30:00,136.15302
2016-12-14 02:00:00,99.06671
2016-12-14 02:30:00,81.34014
2016-12-14 03:00:00,87.032936
2016-12-14 03:30:00,87.032936
2016-12-14 04:00:00,71.79136
2016-12-14 04:30:00,71.79136
2016-12-14 05:00:00,47.403625
2016-12-14 05:30:00,63.338238
2016-12-14 06:00:00,78.41888
2016-12-14 06:30:00,79.98391
2016-12-14 07:00:00,63.35951
2016-12-14 07:30:00,84.04679
2016-12-14 08:00:00,184.5313
2016-12-14 08:30:00,202.03091
2016-12-14 09:00:00,143.78679
2016-12-14 09:30:00,143.78679
2016-12-14 10:00:00,137.88129
2016-12-14 10:30:00,137.88129
2016-12-14 11:00:00,149.37502
2016-12-14 11:30:00,149.37502
2016-12-14 12:00:00,159.86769
2016-12-14 12:30:00,221.311
2016-12-14 13:00:00,377.72556
2016-12-14 13:30:00,377.72556
2016-12-14 14:00:00,285.66202
2016-12-14 14:30:00,642.73846
2016-12-14 15:00:00,677.6162
2016-12-14 15:30:00,632.0248
2016-12-14 16:00:00,530.68304
2016-12-14 16:30:00,527.5101
2016-12-14 17:00:00,533.03235
2016-12-14 17:30:00,581.2429
2016-12-14 18:00:00,529.64075
2016-12-14 18:30:00,364.55072
2016-12-14 19:00:00,185.26962
2016-12-14 19:30:00,175.52177
2016-12-14 20:00:00,152.12523
2016-12-14 20:30:00,147.89114
2016-12-14 21:00:00,226.17313
2016-12-14 21:30:00,233.74503
2016-12-14 22:00:00,253.00461
2016-12-14 22:30:00,252.07849
2016-12-14 23:00:00,303.11594
2016-12-14 23:30:00,357.7137
2016-12-15 00:00:00,157.81824
2016-12-15 00:30:00,162.46043
2016-12-15 01:00:00,114.18985
2016-12-15 01:30:00,114.18985
2016-12-15 02:00:00,106.84407
2016-12-15 02:30:00,106.84407
2016-12-15 03:00:00,108.81869
2016-12-15 03:30:00,108.81869
2016-12-15 04:00:00,100.08558
2016-12-15 04:30:00,100.08558
2016-12-15 05:00:00,106.63487
2016-12-15 05:30:00,106.63487
2016-12-15 06:00:00,96.54916
2016-12-15 06:30:00,96.54916
2016-12-15 07:00:00,88.1827
2016-12-15 07:30:00,88.1827
2016-12-15 08:00:00,216.56659
2016-12-15 08:30:00,216.56659
2016-12-15 09:00:00,145.73451
2016-12-15 09:30:00,145.73451
2016-12-15 10:00:00,153.81674
2016-12-15 10:30:00,153.81674
2016-12-15 11:00:00,156.0704
2016-12-15 11:30:00,185.87419
2016-12-15 12:00:00,142.06793
2016-12-15 12:30:00,154.73544
2016-12-15 13:00:00,392.54498
2016-12-15 13:30:00,507.53253
2016-12-15 14:00:00,662.1406
2016-12-15 14:30:00,577.91986
2016-12-15 15:00:00,655.734
2016-12-15 15:30:00,601.9847
2016-12-15 16:00:00,417.32233
2016-12-15 16:30:00,554.5211
2016-12-15 17:00:00,499.1709
2016-12-15 17:30:00,662.43384
2016-12-15 18:00:00,652.1527
2016-12-15 18:30:00,361.48846
2016-12-15 19:00:00,210.39612
2016-12-15 19:30:00,219.11707
2016-12-15 20:00:00,133.2791
2016-12-15 20:30:00,141.05048
2016-12-15 21:00:00,166.08578
2016-12-15 21:30:00,499.22046
2016-12-15 22:00:00,549.46704
2016-12-15 22:30:00,576.53125
2016-12-15 23:00:00,591.93036
2016-12-15 23:30:00,622.3329
2016-12-16 00:00:00,110.07833
2016-12-16 00:30:00,183.29436
2016-12-16 01:00:00,126.16124
2016-12-16 01:30:00,126.16124
2016-12-16 02:00:00,114.28608
2016-12-16 02:30:00,103.68255
2016-12-16 03:00:00,115.90394
